1614824398.000000,474123955.000000,-0.000061,-0.000015,0.000401,
1614824398.000000,479126930.000000,-0.000055,-0.000017,0.000509,
1614824398.000000,484130859.000000,-0.000048,-0.000018,0.000623,
1614824398.000000,489134073.000000,-0.000041,-0.000019,0.000747,
1614824398.000000,494138002.000000,-0.000131,0.000013,0.000193,
1614824398.000000,499141216.000000,-0.000138,0.000013,0.000276,
1614824398.000000,504145145.000000,-0.000142,0.000014,0.000372,
1614824398.000000,509147882.000000,-0.000144,0.000015,0.000476,
1614824398.000000,514152050.000000,-0.000144,0.000016,0.000593,
1614824398.000000,519155025.000000,-0.000145,0.000017,0.000715,
1614824398.000000,564186096.000000,-0.000134,-0.000006,0.000261,
1614824398.000000,569190025.000000,-0.000132,-0.000006,0.000352,
1614824398.000000,574193239.000000,-0.000129,-0.000005,0.000453,
1614824398.000000,579195976.000000,-0.000135,-0.000005,0.000564,
1614824398.000000,584200144.000000,-0.000138,-0.000005,0.000682,
1614824398.000000,589203835.000000,-0.000142,-0.000005,0.000808,
1614824398.000000,594206810.000000,-0.000128,0.000018,0.000161,
1614824398.000000,599210024.000000,-0.000133,0.000020,0.000242,
1614824398.000000,604213953.000000,-0.000136,0.000021,0.000331,
1614824398.000000,609217167.000000,-0.000134,0.000023,0.000429,
1614824398.000000,654247999.000000,-0.000250,-0.000017,0.000792,
1614824398.000000,659251928.000000,-0.000135,-0.000008,0.000113,
1614824398.000000,664254904.000000,-0.000141,-0.000007,0.000195,
1614824398.000000,669258833.000000,-0.000147,-0.000005,0.000287,
1614824398.000000,674262047.000000,-0.000160,-0.000010,0.000396,
1614824398.000000,679265976.000000,-0.000171,-0.000011,0.000505,
1614824398.000000,684268951.000000,-0.000185,-0.000012,0.000620,
1614824398.000000,689272881.000000,-0.000201,-0.000012,0.000729,
1614824398.000000,694275856.000000,-0.000155,0.000019,0.000152,
1614824398.000000,699279070.000000,-0.000161,0.000020,0.000240,
1614824398.000000,789342165.000000,-0.000262,0.000072,0.000778,
1614824398.000000,794344902.000000,-0.000161,0.000019,0.000189,
1614824398.000000,799348831.000000,-0.000164,0.000017,0.000292,
1614824398.000000,804351807.000000,-0.000168,0.000015,0.000392,
1614824398.000000,809355021.000000,-0.000174,0.000013,0.000502,
1614824398.000000,814358950.000000,-0.000184,0.000012,0.000610,
1614824398.000000,819362164.000000,-0.000194,0.000010,0.000731,
1614824398.000000,824366093.000000,-0.000139,-0.000054,0.000073,
1614824398.000000,829368830.000000,-0.000143,-0.000058,0.000157,
1614824398.000000,834372997.000000,-0.000144,-0.000063,0.000241,
1614824398.000000,879403830.000000,-0.000309,0.000005,0.000548,
1614824398.000000,884407997.000000,-0.000336,0.000004,0.000670,
1614824398.000000,889410973.000000,-0.000360,0.000004,0.000799,
1614824398.000000,894414186.000000,-0.000271,0.000008,0.000203,
1614824398.000000,899417877.000000,-0.000298,0.000008,0.000298,
1614824398.000000,904420853.000000,-0.000326,0.000008,0.000404,
1614824398.000000,909425020.000000,-0.000337,0.000009,0.000484,
1614824398.000000,914427996.000000,-0.000359,0.000008,0.000592,
1614824398.000000,919432163.000000,-0.000377,0.000008,0.000703,
1614824398.000000,924435139.000000,-0.000392,0.000010,0.000824,
1614824398.000000,974469900.000000,-0.000225,0.000015,0.000385,
1614824398.000000,979473114.000000,-0.000224,0.000014,0.000484,
1614824398.000000,984477043.000000,-0.000224,0.000016,0.000585,
1614824398.000000,989480019.000000,-0.000223,0.000017,0.000697,
1614824398.000000,994483948.000000,-0.000119,-0.000022,0.000167,
1614824398.000000,999486923.000000,-0.000115,-0.000026,0.000250,
1614824399.000000,4489899.000000,-0.000116,-0.000028,0.000342,
1614824399.000000,9493828.000000,-0.000117,-0.000030,0.000443,
1614824399.000000,14497995.000000,-0.000118,-0.000032,0.000554,
1614824399.000000,19500971.000000,-0.000121,-0.000034,0.000666,
1614824399.000000,69535971.000000,-0.000210,0.000001,0.000282,
1614824399.000000,74538946.000000,-0.000221,0.000000,0.000369,
1614824399.000000,79541922.000000,-0.000227,-0.000000,0.000458,
1614824399.000000,84545851.000000,-0.000236,-0.000001,0.000556,
1614824399.000000,89549065.000000,-0.000184,0.000011,0.000156,
1614824399.000000,94552994.000000,-0.000200,0.000011,0.000243,
1614824399.000000,99555969.000000,-0.000210,0.000011,0.000338,
1614824399.000000,104560137.000000,-0.000224,0.000010,0.000444,
1614824399.000000,109563112.000000,-0.000239,0.000011,0.000559,
1614824399.000000,114567280.000000,-0.000256,0.000011,0.000682,
1614824399.000000,154593945.000000,-0.000320,-0.000050,0.000712,
1614824399.000000,159597874.000000,-0.000163,-0.000046,0.000141,
1614824399.000000,164601088.000000,-0.000166,-0.000071,0.000231,
1614824399.000000,169605017.000000,-0.000168,-0.000102,0.000331,
1614824399.000000,174607992.000000,-0.000180,-0.000106,0.000395,
1614824399.000000,179612160.000000,-0.000191,-0.000126,0.000491,
1614824399.000000,184614897.000000,-0.000207,-0.000146,0.000594,
1614824399.000000,189619064.000000,-0.000210,-0.000157,0.000725,
1614824399.000000,194621801.000000,-0.000091,-0.000059,0.000146,
1614824399.000000,199625969.000000,-0.000071,-0.000054,0.000216,
1614824399.000000,289688110.000000,-0.000256,0.000023,0.000260,
1614824399.000000,294690847.000000,-0.000284,0.000036,0.000351,
1614824399.000000,299695015.000000,-0.000241,0.000033,0.000442,
1614824399.000000,304697990.000000,-0.000227,0.000037,0.000537,
1614824399.000000,309702158.000000,-0.000197,0.000038,0.000632,
1614824399.000000,314705133.000000,-0.000154,0.000030,0.000711,
1614824399.000000,319709063.000000,-0.000100,0.000021,0.000802,
1614824399.000000,324712276.000000,0.000090,-0.000098,0.000077,
1614824399.000000,329715729.000000,0.000076,-0.000103,0.000175,
1614824399.000000,334718943.000000,0.000109,-0.000121,0.000261,
1614824399.000000,379750013.000000,-0.000484,0.000065,0.000773,
1614824399.000000,384754181.000000,-0.000543,0.000079,0.000917,
1614824399.000000,389757156.000000,-0.000099,-0.000054,0.000307,
1614824399.000000,394760847.000000,-0.000048,-0.000053,0.000383,
1614824399.000000,399763823.000000,-0.000009,-0.000054,0.000471,
1614824399.000000,404767752.000000,0.000038,-0.000055,0.000562,
1614824399.000000,409770966.000000,0.000101,-0.000069,0.000651,
1614824399.000000,414773941.000000,0.000174,-0.000082,0.000746,
1614824399.000000,419777870.000000,0.000260,-0.000099,0.000844,
1614824399.000000,424781084.000000,0.000323,-0.000087,-0.000035,
1614824399.000000,469813108.000000,0.000424,0.000088,0.000533,
1614824399.000000,474815845.000000,0.000514,0.000090,0.000638,
1614824399.000000,479819775.000000,0.000617,0.000090,0.000750,
1614824399.000000,484822989.000000,0.000731,0.000088,0.000872,
1614824399.000000,489825964.000000,0.000366,0.000154,0.000291,
1614824399.000000,494830132.000000,0.000445,0.000156,0.000381,
1614824399.000000,499833107.000000,0.000532,0.000156,0.000483,
1614824399.000000,504837036.000000,0.000605,0.000159,0.000603,
1614824399.000000,509840012.000000,0.000693,0.000160,0.000728,
1614824399.000000,514843941.000000,0.000784,0.000160,0.000865,
1614824399.000000,559875011.000000,0.000897,0.000858,0.000700,
1614824399.000000,564878941.000000,0.001087,0.000903,0.000785,
1614824399.000000,569882154.000000,0.001285,0.000955,0.000867,
1614824399.000000,574885130.000000,0.001506,0.001006,0.000953,
1614824399.000000,579889297.000000,0.001733,0.001080,0.001055,
1614824399.000000,584892035.000000,0.001988,0.001150,0.001160,
1614824399.000000,589895964.000000,0.001514,0.001344,0.000744,
1614824399.000000,594899178.000000,0.001753,0.001438,0.000820,
1614824399.000000,599902868.000000,0.001888,0.001569,0.000983,
1614824399.000000,604905844.000000,0.002096,0.001692,0.001121,
1614824399.000000,649937153.000000,0.002570,0.002232,0.003055,
1614824399.000000,654941082.000000,0.002720,0.002308,0.003377,
1614824399.000000,659944057.000000,0.002569,0.002004,0.002650,
1614824399.000000,664947748.000000,0.002688,0.002022,0.002949,
1614824399.000000,669950962.000000,0.002806,0.002029,0.003270,
1614824399.000000,674954891.000000,0.002892,0.002041,0.003640,
1614824399.000000,679958105.000000,0.002982,0.002042,0.004029,
1614824399.000000,684962034.000000,0.003063,0.002037,0.004448,
1614824399.000000,689964771.000000,0.002409,0.002476,0.003365,
1614824399.000000,694968939.000000,0.002398,0.002495,0.003746,
1614824399.000000,785031080.000000,0.001088,0.002994,0.006816,
1614824399.000000,790034294.000000,-0.000004,0.003754,0.005412,
1614824399.000000,795038223.000000,0.000088,0.003853,0.005609,
1614824399.000000,800040722.000000,0.000203,0.003950,0.005799,
1614824399.000000,805044889.000000,0.000348,0.004061,0.005990,
1614824399.000000,810047865.000000,0.000519,0.004180,0.006180,
1614824399.000000,815052032.000000,0.000691,0.004313,0.006378,
1614824399.000000,820055008.000000,-0.000511,0.005278,0.005842,
1614824399.000000,825059175.000000,-0.000404,0.005477,0.005983,
1614824399.000000,830062151.000000,-0.000281,0.005686,0.006124,
1614824399.000000,875092745.000000,-0.000716,0.008170,0.007325,
1614824399.000000,880096912.000000,-0.000713,0.008414,0.007565,
1614824399.000000,885099888.000000,-0.000715,0.008656,0.007814,
1614824399.000000,890104055.000000,-0.000522,0.008489,0.007851,
1614824399.000000,895107031.000000,-0.000522,0.008695,0.008099,
1614824399.000000,900111198.000000,-0.000534,0.008904,0.008356,
1614824399.000000,905113935.000000,-0.000552,0.009113,0.008621,
1614824399.000000,910116911.000000,-0.000585,0.009330,0.008891,
1614824399.000000,915121078.000000,-0.000622,0.009546,0.009171,
1614824399.000000,920124054.000000,-0.000669,0.009763,0.009463,
1614824399.000000,965156078.000000,-0.001717,0.010617,0.010223,
1614824399.000000,970159054.000000,-0.001840,0.010766,0.010449,
1614824399.000000,975163221.000000,-0.001960,0.010914,0.010680,
1614824399.000000,980165958.000000,-0.002082,0.011055,0.010908,
1614824399.000000,985170126.000000,-0.002205,0.011191,0.011136,
1614824399.000000,990173101.000000,-0.002748,0.010853,0.010250,
1614824399.000000,995176077.000000,-0.002918,0.010946,0.010422,
1614824400.000000,180006.000000,-0.003098,0.011034,0.010599,
1614824400.000000,5182981.000000,-0.003305,0.011130,0.010793,
1614824400.000000,10187149.000000,-0.003514,0.011219,0.010987,
1614824400.000000,55217981.000000,-0.003355,0.010492,0.009469,
1614824400.000000,60221910.000000,-0.003539,0.010568,0.009579,
1614824400.000000,65224886.000000,-0.003681,0.010641,0.009678,
1614824400.000000,70227861.000000,-0.003841,0.010723,0.009782,
1614824400.000000,75232029.000000,-0.003997,0.010809,0.009886,
1614824400.000000,80235004.000000,-0.004146,0.010899,0.009990,
1614824400.000000,85238934.000000,-0.004287,0.011012,0.010097,
1614824400.000000,90241909.000000,-0.003988,0.010826,0.008992,
1614824400.000000,95246077.000000,-0.004101,0.010936,0.009045,
1614824400.000000,100249052.000000,-0.004250,0.011072,0.009132,
1614824400.000000,190312147.000000,-0.003703,0.011247,0.009191,
1614824400.000000,195315123.000000,-0.003764,0.011408,0.009344,
1614824400.000000,200318813.000000,-0.003813,0.011582,0.009485,
1614824400.000000,205321789.000000,-0.003864,0.011767,0.009633,
1614824400.000000,210325956.000000,-0.003922,0.011944,0.009788,
1614824400.000000,215328932.000000,-0.003983,0.012135,0.009953,
1614824400.000000,220333099.000000,-0.003519,0.011520,0.009449,
1614824400.000000,225336075.000000,-0.003566,0.011624,0.009602,
1614824400.000000,230340004.000000,-0.003617,0.011751,0.009764,
1614824400.000000,235342979.000000,-0.003672,0.011876,0.009938,
1614824400.000000,280374050.000000,-0.004146,0.013103,0.011702,
1614824400.000000,285377979.000000,-0.004011,0.012585,0.010945,
1614824400.000000,290380955.000000,-0.004083,0.012732,0.011182,
1614824400.000000,295385122.000000,-0.004159,0.012886,0.011435,
1614824400.000000,300387859.000000,-0.004236,0.013034,0.011704,
1614824400.000000,305392027.000000,-0.004319,0.013190,0.011986,
1614824400.000000,310395002.000000,-0.004408,0.013351,0.012283,
1614824400.000000,315397978.000000,-0.004503,0.013514,0.012598,
1614824400.000000,320402145.000000,-0.003928,0.012591,0.011200,
1614824400.000000,325405121.000000,-0.003993,0.012687,0.011446,
1614824400.000000,370251894.000000,-0.004156,0.013170,0.011700,
1614824400.000000,375254869.000000,-0.004181,0.013290,0.011931,
1614824400.000000,380259037.000000,-0.004195,0.013393,0.012169,
1614824400.000000,385262012.000000,-0.004210,0.013503,0.012415,
1614824400.000000,390264988.000000,-0.004279,0.012932,0.011039,
1614824400.000000,395269156.000000,-0.004312,0.013012,0.011200,
1614824400.000000,400271654.000000,-0.004341,0.013084,0.011372,
1614824400.000000,405275822.000000,-0.004370,0.013157,0.011549,
1614824400.000000,410278797.000000,-0.004390,0.013256,0.011728,
1614824400.000000,415282965.000000,-0.004407,0.013351,0.011912,
1614824400.000000,465316772.000000,-0.004041,0.012886,0.010793,
1614824400.000000,470320940.000000,-0.004071,0.012968,0.010958,
1614824400.000000,475323677.000000,-0.004097,0.013059,0.011130,
1614824400.000000,480327845.000000,-0.004130,0.013153,0.011316,
1614824400.000000,485330820.000000,-0.004164,0.013250,0.011513,
1614824400.000000,490334988.000000,-0.003541,0.012581,0.010523,
1614824400.000000,495337963.000000,-0.003541,0.012649,0.010688,
1614824400.000000,500341892.000000,-0.003542,0.012724,0.010865,
1614824400.000000,505345106.000000,-0.003564,0.012804,0.011058,
1614824400.000000,510348797.000000,-0.003583,0.012891,0.011262,
1614824400.000000,550376892.000000,-0.003615,0.012680,0.011499,
1614824400.000000,555379868.000000,-0.003427,0.012201,0.010618,
1614824400.000000,560382843.000000,-0.003518,0.012248,0.010828,
1614824400.000000,565387011.000000,-0.003617,0.012297,0.011052,
1614824400.000000,570389986.000000,-0.003719,0.012361,0.011284,
1614824400.000000,575394154.000000,-0.003835,0.012422,0.011528,
1614824400.000000,580396891.000000,-0.003956,0.012487,0.011784,
1614824400.000000,585400820.000000,-0.004080,0.012559,0.012047,
1614824400.000000,590404034.000000,-0.004164,0.012138,0.010662,
1614824400.000000,595407724.000000,-0.004320,0.012194,0.010861,
1614824400.000000,685469866.000000,-0.006422,0.010840,0.010126,
1614824400.000000,690473795.000000,-0.006637,0.010827,0.010227,
1614824400.000000,695476770.000000,-0.006891,0.010804,0.010331,
1614824400.000000,700480938.000000,-0.007140,0.010790,0.010442,
1614824400.000000,705483913.000000,-0.007400,0.010778,0.010559,
1614824400.000000,710486889.000000,-0.007651,0.010780,0.010678,
1614824400.000000,715491056.000000,-0.007920,0.010781,0.010800,
1614824400.000000,720494032.000000,-0.007501,0.010102,0.009971,
1614824400.000000,725497961.000000,-0.007732,0.010086,0.010039,
1614824400.000000,730500937.000000,-0.007975,0.010071,0.010108,
1614824400.000000,775532961.000000,-0.009470,0.009545,0.010518,
1614824400.000000,780535936.000000,-0.009747,0.009548,0.010629,
1614824400.000000,785540104.000000,-0.009299,0.009175,0.010345,
1614824400.000000,790543079.000000,-0.009556,0.009127,0.010461,
1614824400.000000,795547009.000000,-0.009832,0.009092,0.010589,
1614824400.000000,800549746.000000,-0.010120,0.009054,0.010724,
1614824400.000000,805552721.000000,-0.010411,0.009019,0.010864,
1614824400.000000,810556889.000000,-0.010715,0.008981,0.011014,
1614824400.000000,815559864.000000,-0.011026,0.008941,0.011171,
1614824400.000000,820564032.000000,-0.010116,0.008785,0.010790,
1614824400.000000,865594864.000000,-0.011837,0.008403,0.011665,
1614824400.000000,870598793.000000,-0.012193,0.008398,0.011898,
1614824400.000000,875601768.000000,-0.012573,0.008395,0.012147,
1614824400.000000,880605936.000000,-0.012949,0.008389,0.012391,
1614824400.000000,885608912.000000,-0.012085,0.008446,0.011682,
1614824400.000000,890611887.000000,-0.012407,0.008441,0.011897,
1614824400.000000,895616055.000000,-0.012744,0.008437,0.012123,
1614824400.000000,900619030.000000,-0.013047,0.008418,0.012324,
1614824400.000000,905622959.000000,-0.013382,0.008407,0.012549,
1614824400.000000,910625935.000000,-0.013722,0.008395,0.012779,
1614824400.000000,955657959.000000,-0.014121,0.007764,0.012210,
1614824400.000000,960660934.000000,-0.014393,0.007746,0.012337,
1614824400.000000,965665102.000000,-0.014680,0.007730,0.012469,
1614824400.000000,970668077.000000,-0.014973,0.007718,0.012604,
1614824400.000000,975672007.000000,-0.015242,0.007708,0.012727,
1614824400.000000,980674982.000000,-0.015528,0.007702,0.012858,
1614824400.000000,985677958.000000,-0.015814,0.007701,0.012988,
1614824400.000000,990682125.000000,-0.014677,0.007343,0.011917,
1614824400.000000,995684862.000000,-0.014875,0.007328,0.011988,
1614824401.000000,688791.000000,-0.015073,0.007316,0.012061,
1614824401.000000,90750933.000000,-0.017967,0.005095,0.015268,
1614824401.000000,95754862.000000,-0.018162,0.005024,0.015438,
1614824401.000000,100757837.000000,-0.018382,0.004959,0.015614,
1614824401.000000,105762005.000000,-0.018607,0.004896,0.015791,
1614824401.000000,110764980.000000,-0.018845,0.004836,0.015974,
1614824401.000000,115769148.000000,-0.019098,0.004793,0.016163,
1614824401.000000,120771885.000000,-0.018819,0.004097,0.016428,
1614824401.000000,125775814.000000,-0.019061,0.004034,0.016626,
1614824401.000000,130778790.000000,-0.019316,0.003975,0.016826,
1614824401.000000,135781765.000000,-0.019509,0.003953,0.017031,
1614824401.000000,180814028.000000,-0.020798,0.002711,0.018959,
1614824401.000000,185817003.000000,-0.020461,0.001818,0.018712,
1614824401.000000,190820932.000000,-0.020688,0.001708,0.018929,
1614824401.000000,195823669.000000,-0.020914,0.001613,0.019162,
1614824401.000000,200827837.000000,-0.021148,0.001513,0.019389,
1614824401.000000,205830812.000000,-0.021387,0.001417,0.019621,
1614824401.000000,210834980.000000,-0.021628,0.001323,0.019856,
1614824401.000000,215837955.000000,-0.021875,0.001233,0.020094,
1614824401.000000,220841885.000000,-0.020565,0.001015,0.019107,
1614824401.000000,225845098.000000,-0.020732,0.000910,0.019290,
1614824401.000000,270875692.000000,-0.021493,-0.000251,0.020772,
1614824401.000000,275879860.000000,-0.021703,-0.000389,0.021032,
1614824401.000000,280882835.000000,-0.021917,-0.000537,0.021304,
1614824401.000000,285887003.000000,-0.020965,-0.000513,0.020804,
1614824401.000000,290889978.000000,-0.021133,-0.000623,0.021071,
1614824401.000000,295893908.000000,-0.021318,-0.000739,0.021353,
1614824401.000000,300896883.000000,-0.021512,-0.000856,0.021649,
1614824401.000000,305900812.000000,-0.021702,-0.000965,0.021960,
1614824401.000000,310904026.000000,-0.021906,-0.001076,0.022283,
1614824401.000000,315907955.000000,-0.022116,-0.001185,0.022619,
1614824401.000000,360939026.000000,-0.022309,-0.002604,0.024053,
1614824401.000000,365942001.000000,-0.022555,-0.002766,0.024431,
1614824401.000000,370946169.000000,-0.022804,-0.002911,0.024833,
1614824401.000000,375948906.000000,-0.023068,-0.003068,0.025242,
1614824401.000000,380952835.000000,-0.023344,-0.003226,0.025665,
1614824401.000000,385956049.000000,-0.022529,-0.003382,0.024419,
1614824401.000000,390959740.000000,-0.022765,-0.003519,0.024787,
1614824401.000000,395962954.000000,-0.023009,-0.003656,0.025169,
1614824401.000000,400966883.000000,-0.023223,-0.003803,0.025544,
1614824401.000000,405969858.000000,-0.023456,-0.003945,0.025940,
1614824401.000000,451001883.000000,-0.023026,-0.005226,0.024846,
1614824401.000000,456005096.000000,-0.023233,-0.005365,0.025144,
1614824401.000000,461007833.000000,-0.023463,-0.005504,0.025448,
1614824401.000000,466011763.000000,-0.023698,-0.005644,0.025768,
1614824401.000000,471014977.000000,-0.023947,-0.005784,0.026099,
1614824401.000000,476018906.000000,-0.024190,-0.005935,0.026438,
1614824401.000000,481021643.000000,-0.024448,-0.006086,0.026787,
1614824401.000000,486025810.000000,-0.024714,-0.006239,0.027146,
1614824401.000000,491028786.000000,-0.023804,-0.006357,0.026130,
1614824401.000000,496032953.000000,-0.024016,-0.006510,0.026413,
1614824401.000000,586095095.000000,-0.025092,-0.007398,0.026589,
1614824401.000000,591098785.000000,-0.024976,-0.007896,0.025977,
1614824401.000000,596101761.000000,-0.025124,-0.007973,0.026068,
1614824401.000000,601105690.000000,-0.025267,-0.008052,0.026158,
1614824401.000000,606108904.000000,-0.025392,-0.008104,0.026259,
1614824401.000000,611112833.000000,-0.025522,-0.008172,0.026347,
1614824401.000000,616116047.000000,-0.025643,-0.008238,0.026432,
1614824401.000000,621119976.000000,-0.025704,-0.008541,0.026160,
1614824401.000000,626122713.000000,-0.025861,-0.008625,0.026230,
1614824401.000000,631126881.000000,-0.026020,-0.008709,0.026299,
1614824401.000000,676157951.000000,-0.026743,-0.009643,0.026496,
1614824401.000000,681160927.000000,-0.026902,-0.009777,0.026569,
1614824401.000000,686164856.000000,-0.027059,-0.009917,0.026647,
1614824401.000000,691168070.000000,-0.026628,-0.009620,0.026454,
1614824401.000000,696171999.000000,-0.026799,-0.009738,0.026579,
1614824401.000000,701174974.000000,-0.026969,-0.009861,0.026693,
1614824401.000000,706178904.000000,-0.027150,-0.009990,0.026813,
1614824401.000000,711181879.000000,-0.027360,-0.010131,0.026945,
1614824401.000000,716186047.000000,-0.027576,-0.010276,0.027088,
1614824401.000000,721188784.000000,-0.027147,-0.009689,0.026411,
1614824401.000000,766221046.000000,-0.029228,-0.010149,0.027462,
1614824401.000000,771223783.000000,-0.029510,-0.010312,0.027636,
1614824401.000000,776226997.000000,-0.029804,-0.010471,0.027813,
1614824401.000000,781230927.000000,-0.030105,-0.010642,0.028000,
1614824401.000000,786233902.000000,-0.030414,-0.010819,0.028195,
1614824401.000000,791237831.000000,-0.029180,-0.009295,0.028270,
1614824401.000000,796240807.000000,-0.029389,-0.009377,0.028446,
1614824401.000000,801244974.000000,-0.029611,-0.009462,0.028630,
1614824401.000000,806248903.000000,-0.029831,-0.009565,0.028825,
1614824401.000000,811251879.000000,-0.030068,-0.009665,0.029024,
1614824401.000000,861285925.000000,-0.029000,-0.009760,0.028733,
1614824401.000000,866289854.000000,-0.029002,-0.009929,0.028861,
1614824401.000000,871294022.000000,-0.029011,-0.010080,0.028994,
1614824401.000000,876296997.000000,-0.029005,-0.010254,0.029132,
1614824401.000000,881300688.000000,-0.028992,-0.010434,0.029274,
1614824401.000000,886303902.000000,-0.028989,-0.010614,0.029424,
1614824401.000000,891306877.000000,-0.028051,-0.010663,0.029709,
1614824401.000000,896311045.000000,-0.027981,-0.010845,0.029866,
1614824401.000000,901314020.000000,-0.027903,-0.011040,0.030021,
1614824401.000000,906317949.000000,-0.027825,-0.011237,0.030184,
1614824401.000000,991376638.000000,-0.028267,-0.012637,0.031926,
1614824401.000000,996379852.000000,-0.028275,-0.012865,0.032176,
1614824402.000000,1383781.000000,-0.028292,-0.013100,0.032444,
1614824402.000000,6386757.000000,-0.028309,-0.013347,0.032723,
1614824402.000000,11390924.000000,-0.028326,-0.013590,0.033016,
1614824402.000000,16393900.000000,-0.028342,-0.013846,0.033319,
1614824402.000000,21398067.000000,-0.028668,-0.013798,0.033220,
1614824402.000000,26400805.000000,-0.028716,-0.014028,0.033547,
1614824402.000000,31404972.000000,-0.028768,-0.014274,0.033872,
1614824402.000000,36407948.000000,-0.028824,-0.014524,0.034210,
1614824402.000000,81439972.000000,-0.030445,-0.017138,0.037494,
1614824402.000000,86442947.000000,-0.031471,-0.017749,0.037804,
1614824402.000000,91447115.000000,-0.031651,-0.018093,0.038219,
1614824402.000000,96450090.000000,-0.031833,-0.018443,0.038643,
1614824402.000000,101452827.000000,-0.032015,-0.018801,0.039071,
1614824402.000000,106456995.000000,-0.032203,-0.019153,0.039497,
1614824402.000000,111459970.000000,-0.032389,-0.019515,0.039933,
1614824402.000000,116463900.000000,-0.032576,-0.019880,0.040374,
1614824402.000000,121466875.000000,-0.032768,-0.020242,0.040824,
1614824402.000000,126470804.000000,-0.033915,-0.020927,0.040950,
1614824402.000000,171501875.000000,-0.037095,-0.024746,0.044747,
1614824402.000000,176506042.000000,-0.037386,-0.025173,0.045192,
1614824402.000000,181509018.000000,-0.037672,-0.025602,0.045624,
1614824402.000000,186512709.000000,-0.037955,-0.026040,0.046066,
1614824402.000000,191515923.000000,-0.039070,-0.026895,0.047435,
1614824402.000000,196519852.000000,-0.039358,-0.027341,0.047915,
1614824402.000000,201523066.000000,-0.039647,-0.027779,0.048390,
1614824402.000000,206526995.000000,-0.039933,-0.028231,0.048871,
1614824402.000000,211529732.000000,-0.040216,-0.028686,0.049352,
1614824402.000000,216533899.000000,-0.040524,-0.029146,0.049844,
1614824402.000000,261564970.000000,-0.046574,-0.036894,0.055390,
1614824402.000000,266567945.000000,-0.047049,-0.037548,0.055917,
1614824402.000000,271571875.000000,-0.047533,-0.038212,0.056450,
1614824402.000000,276575089.000000,-0.048013,-0.038878,0.056986,
1614824402.000000,281578779.000000,-0.048506,-0.039557,0.057527,
1614824402.000000,286581993.000000,-0.049007,-0.040244,0.058071,
1614824402.000000,291585922.000000,-0.049781,-0.042077,0.057977,
1614824402.000000,296588898.000000,-0.050277,-0.042813,0.058478,
1614824402.000000,301593065.000000,-0.050776,-0.043553,0.058983,
1614824402.000000,306596041.000000,-0.051282,-0.044300,0.059502,
1614824402.000000,366637945.000000,-0.056964,-0.054949,0.064893,
1614824402.000000,371640921.000000,-0.057468,-0.055788,0.065360,
1614824402.000000,376645088.000000,-0.057969,-0.056638,0.065831,
1614824402.000000,381647825.000000,-0.058474,-0.057490,0.066305,
1614824402.000000,386651993.000000,-0.058981,-0.058341,0.066791,
1614824402.000000,391654730.000000,-0.058099,-0.060533,0.068083,
1614824402.000000,396658897.000000,-0.058535,-0.061425,0.068587,
1614824402.000000,401661873.000000,-0.058962,-0.062319,0.069086,
1614824402.000000,406665802.000000,-0.059399,-0.063215,0.069593,
1614824402.000000,411669016.000000,-0.059840,-0.064112,0.070102,
1614824402.000000,451696873.000000,-0.060096,-0.072917,0.074953,
1614824402.000000,456701040.000000,-0.056517,-0.075137,0.074311,
1614824402.000000,461703777.000000,-0.056712,-0.076127,0.074830,
1614824402.000000,466707706.000000,-0.056922,-0.077117,0.075356,
1614824402.000000,471710920.000000,-0.057134,-0.078107,0.075887,
1614824402.000000,476714849.000000,-0.057352,-0.079098,0.076425,
1614824402.000000,481718063.000000,-0.057575,-0.080087,0.076961,
1614824402.000000,486721992.000000,-0.057803,-0.081076,0.077505,
1614824402.000000,491724968.000000,-0.053153,-0.083386,0.076003,
1614824402.000000,496727943.000000,-0.053235,-0.084424,0.076450,
1614824402.000000,586790800.000000,-0.046741,-0.105731,0.082545,
1614824402.000000,591794968.000000,-0.046675,-0.106829,0.082957,
1614824402.000000,596797943.000000,-0.046623,-0.107924,0.083379,
1614824402.000000,601802111.000000,-0.046576,-0.109020,0.083807,
1614824402.000000,606804848.000000,-0.046529,-0.110118,0.084242,
1614824402.000000,611808777.000000,-0.046488,-0.111216,0.084679,
1614824402.000000,616811991.000000,-0.046448,-0.112314,0.085122,
1614824402.000000,621814966.000000,-0.045090,-0.114659,0.084705,
1614824402.000000,626818895.000000,-0.045015,-0.115807,0.085101,
1614824402.000000,631823063.000000,-0.044945,-0.116956,0.085500,
1614824402.000000,681856871.000000,-0.044077,-0.129545,0.088619,
1614824402.000000,686860800.000000,-0.044091,-0.130725,0.089005,
1614824402.000000,691864014.000000,-0.043442,-0.132259,0.088732,
1614824402.000000,696867943.000000,-0.043430,-0.133439,0.089089,
1614824402.000000,701871157.000000,-0.043422,-0.134609,0.089446,
1614824402.000000,706874847.000000,-0.043419,-0.135781,0.089805,
1614824402.000000,711877823.000000,-0.043421,-0.136949,0.090165,
1614824402.000000,716881752.000000,-0.043431,-0.138121,0.090527,
1614824402.000000,721884727.000000,-0.043445,-0.139288,0.090890,
1614824402.000000,726888895.000000,-0.042682,-0.141302,0.090247,
1614824402.000000,766916037.000000,-0.041461,-0.151622,0.091986,
1614824402.000000,771919727.000000,-0.041468,-0.152815,0.092259,
1614824402.000000,776922941.000000,-0.041483,-0.153997,0.092531,
1614824402.000000,781926870.000000,-0.041507,-0.155175,0.092805,
1614824402.000000,786931038.000000,-0.041541,-0.156345,0.093080,
1614824402.000000,791933775.000000,-0.041075,-0.158606,0.093345,
1614824402.000000,796936750.000000,-0.041088,-0.159797,0.093605,
1614824402.000000,801940918.000000,-0.041112,-0.160980,0.093868,
1614824402.000000,806943893.000000,-0.041142,-0.162155,0.094130,
1614824402.000000,811948061.000000,-0.041169,-0.163335,0.094388,
1614824402.000000,861982822.000000,-0.040095,-0.177208,0.095813,
1614824402.000000,866985798.000000,-0.040190,-0.178398,0.096047,
1614824402.000000,871989965.000000,-0.040302,-0.179590,0.096280,
1614824402.000000,876992941.000000,-0.040425,-0.180771,0.096524,
1614824402.000000,881997108.000000,-0.040565,-0.181945,0.096771,
1614824402.000000,887000084.000000,-0.040699,-0.183124,0.097013,
1614824402.000000,892004013.000000,-0.039842,-0.184783,0.096710,
1614824402.000000,897006989.000000,-0.039947,-0.185971,0.096910,
1614824402.000000,902009964.000000,-0.040064,-0.187157,0.097110,
1614824402.000000,907013655.000000,-0.040162,-0.188341,0.097302,
1614824402.000000,952044964.000000,-0.038967,-0.198647,0.098602,
1614824402.000000,957049131.000000,-0.038702,-0.200738,0.098786,
1614824402.000000,962052107.000000,-0.038786,-0.201894,0.098965,
1614824402.000000,967055798.000000,-0.038875,-0.203052,0.099143,
1614824402.000000,972058773.000000,-0.038977,-0.204200,0.099325,
1614824402.000000,977062702.000000,-0.039087,-0.205343,0.099509,
1614824402.000000,982065916.000000,-0.039195,-0.206486,0.099686,
1614824402.000000,987069845.000000,-0.039312,-0.207624,0.099866,
1614824402.000000,992072821.000000,-0.038941,-0.209297,0.098925,
1614824402.000000,997076988.000000,-0.039022,-0.210442,0.099015,
1614824403.000000,87138891.000000,-0.038281,-0.233697,0.099003,
1614824403.000000,92143059.000000,-0.038245,-0.235900,0.098875,
1614824403.000000,97146034.000000,-0.038346,-0.237108,0.098812,
1614824403.000000,102149963.000000,-0.038453,-0.238312,0.098738,
1614824403.000000,107152939.000000,-0.038571,-0.239502,0.098654,
1614824403.000000,112156868.000000,-0.038691,-0.240688,0.098565,
1614824403.000000,117159843.000000,-0.038816,-0.241866,0.098470,
1614824403.000000,122163773.000000,-0.038944,-0.243035,0.098375,
1614824403.000000,127166986.000000,-0.037610,-0.244695,0.097034,
1614824403.000000,132170916.000000,-0.037695,-0.245869,0.096856,
1614824403.000000,177201986.000000,-0.036769,-0.257390,0.095362,
1614824403.000000,182204962.000000,-0.036823,-0.258550,0.095136,
1614824403.000000,187208652.000000,-0.036881,-0.259699,0.094904,
1614824403.000000,192211866.000000,-0.035343,-0.261143,0.094446,
1614824403.000000,197215796.000000,-0.035343,-0.262288,0.094189,
1614824403.000000,202219009.000000,-0.035348,-0.263415,0.093937,
1614824403.000000,207222939.000000,-0.035359,-0.264539,0.093673,
1614824403.000000,212225914.000000,-0.035376,-0.265652,0.093403,
1614824403.000000,217230082.000000,-0.035394,-0.266747,0.093117,
1614824403.000000,222232819.000000,-0.035417,-0.267834,0.092831,
1614824403.000000,267264843.000000,-0.033324,-0.278372,0.088739,
1614824403.000000,272267818.000000,-0.033287,-0.279330,0.088336,
1614824403.000000,277271986.000000,-0.033254,-0.280270,0.087931,
1614824403.000000,282274961.000000,-0.033229,-0.281202,0.087526,
1614824403.000000,287279129.000000,-0.033203,-0.282115,0.087118,
1614824403.000000,292282104.000000,-0.032718,-0.283533,0.086294,
1614824403.000000,297285795.000000,-0.032643,-0.284469,0.085867,
1614824403.000000,302288771.000000,-0.032576,-0.285380,0.085432,
1614824403.000000,307292700.000000,-0.032509,-0.286281,0.084992,
1614824403.000000,312295914.000000,-0.032448,-0.287178,0.084539,
1614824403.000000,357326984.000000,-0.029797,-0.297416,0.079406,
1614824403.000000,362330914.000000,-0.029655,-0.298317,0.078876,
1614824403.000000,367333651.000000,-0.029516,-0.299208,0.078341,
1614824403.000000,372337818.000000,-0.029368,-0.300093,0.077798,
1614824403.000000,377340794.000000,-0.029218,-0.300966,0.077257,
1614824403.000000,382344961.000000,-0.029064,-0.301830,0.076715,
1614824403.000000,387347937.000000,-0.028904,-0.302684,0.076172,
1614824403.000000,392351866.000000,-0.027800,-0.305151,0.075311,
1614824403.000000,397355080.000000,-0.027583,-0.306071,0.074747,
1614824403.000000,402359009.000000,-0.027361,-0.306985,0.074182,
1614824403.000000,447389841.000000,-0.023808,-0.315640,0.068764,
1614824403.000000,452393770.000000,-0.023544,-0.316499,0.068198,
1614824403.000000,457396984.000000,-0.022765,-0.318448,0.067163,
1614824403.000000,462400913.000000,-0.022495,-0.319334,0.066567,
1614824403.000000,467403889.000000,-0.022203,-0.320216,0.065966,
1614824403.000000,472408056.000000,-0.021923,-0.321088,0.065372,
1614824403.000000,477410793.000000,-0.021645,-0.321954,0.064780,
1614824403.000000,482414007.000000,-0.021377,-0.322809,0.064201,
1614824403.000000,487417936.000000,-0.021107,-0.323657,0.063623,
1614824403.000000,492420912.000000,-0.020369,-0.325687,0.063161,
