1614725614.000000,81345558.000000,0.000104,-0.000014,0.000568,
1614725614.000000,86348534.000000,0.000101,-0.000018,0.000672,
1614725614.000000,91351748.000000,0.000111,-0.000021,0.000790,
1614725614.000000,96355677.000000,0.000047,0.000001,0.000279,
1614725614.000000,101358414.000000,0.000038,-0.000000,0.000364,
1614725614.000000,106362581.000000,0.000030,-0.000002,0.000456,
1614725614.000000,111365318.000000,0.000006,-0.000006,0.000557,
1614725614.000000,116368532.000000,-0.000008,-0.000009,0.000669,
1614725614.000000,121372461.000000,-0.000022,-0.000012,0.000789,
1614725614.000000,126375437.000000,-0.000027,-0.000014,0.000915,
1614725614.000000,176409483.000000,0.000223,-0.000032,0.000496,
1614725614.000000,181413651.000000,0.000231,-0.000035,0.000603,
1614725614.000000,186416388.000000,0.000242,-0.000040,0.000718,
1614725614.000000,191419363.000000,0.000251,-0.000044,0.000840,
1614725614.000000,196423531.000000,0.000071,0.000024,0.000264,
1614725614.000000,201426506.000000,0.000058,0.000027,0.000342,
1614725614.000000,206430435.000000,0.000046,0.000028,0.000434,
1614725614.000000,211433411.000000,0.000034,0.000030,0.000530,
1614725614.000000,216436386.000000,0.000021,0.000030,0.000633,
1614725614.000000,221440554.000000,0.000008,0.000031,0.000743,
1614725614.000000,271474600.000000,0.000041,0.000023,0.000361,
1614725614.000000,276477337.000000,0.000029,0.000023,0.000453,
1614725614.000000,281480551.000000,0.000019,0.000023,0.000548,
1614725614.000000,286484480.000000,0.000008,0.000023,0.000653,
1614725614.000000,291487455.000000,-0.000001,0.000023,0.000765,
1614725614.000000,296490669.000000,0.000050,0.000003,0.000256,
1614725614.000000,301494598.000000,0.000040,0.000000,0.000341,
1614725614.000000,306497574.000000,0.000028,-0.000003,0.000433,
1614725614.000000,311500549.000000,0.000000,-0.000005,0.000531,
1614725614.000000,316504478.000000,-0.000021,-0.000008,0.000638,
1614725614.000000,356531620.000000,-0.000149,-0.000008,0.000757,
1614725614.000000,361534595.000000,-0.000177,-0.000011,0.000874,
1614725614.000000,366538525.000000,0.000148,-0.000049,0.000314,
1614725614.000000,371541739.000000,0.000150,-0.000055,0.000410,
1614725614.000000,376545429.000000,0.000152,-0.000064,0.000510,
1614725614.000000,381548405.000000,0.000153,-0.000071,0.000619,
1614725614.000000,386551619.000000,0.000156,-0.000079,0.000734,
1614725614.000000,391555548.000000,0.000162,-0.000087,0.000853,
1614725614.000000,396558762.000000,0.000019,0.000002,0.000236,
1614725614.000000,401561737.000000,0.000002,-0.000000,0.000320,
1614725614.000000,491622448.000000,0.000089,-0.000014,0.000744,
1614725614.000000,496626616.000000,0.000005,-0.000001,0.000218,
1614725614.000000,501629591.000000,-0.000021,-0.000000,0.000303,
1614725614.000000,506632328.000000,-0.000041,-0.000001,0.000392,
1614725614.000000,511636496.000000,-0.000061,-0.000002,0.000490,
1614725614.000000,516639471.000000,-0.000078,-0.000003,0.000593,
1614725614.000000,521643639.000000,-0.000095,-0.000004,0.000705,
1614725614.000000,526646614.000000,0.000031,0.000012,0.000238,
1614725614.000000,531649590.000000,0.000033,0.000009,0.000327,
1614725614.000000,536653757.000000,0.000029,0.000008,0.000418,
1614725614.000000,581683397.000000,0.000296,-0.000074,0.000587,
1614725614.000000,586687565.000000,0.000298,-0.000082,0.000700,
1614725614.000000,591690540.000000,0.000298,-0.000089,0.000821,
1614725614.000000,596693516.000000,0.000013,0.000025,0.000290,
1614725614.000000,601697683.000000,0.000000,0.000027,0.000373,
1614725614.000000,606700659.000000,-0.000012,0.000030,0.000463,
1614725614.000000,611704826.000000,-0.000037,0.000027,0.000573,
1614725614.000000,616707563.000000,-0.000055,0.000026,0.000684,
1614725614.000000,621710539.000000,-0.000073,0.000024,0.000803,
1614725614.000000,626714706.000000,-0.000086,0.000026,0.000923,
1614725614.000000,671744585.000000,0.000077,-0.000030,0.000346,
1614725614.000000,676748753.000000,0.000065,-0.000035,0.000437,
1614725614.000000,681751490.000000,0.000052,-0.000041,0.000535,
1614725614.000000,686754465.000000,0.000051,-0.000046,0.000640,
1614725614.000000,691758633.000000,0.000046,-0.000052,0.000751,
1614725614.000000,696761608.000000,0.000037,-0.000017,0.000218,
1614725614.000000,701765537.000000,0.000032,-0.000021,0.000291,
1614725614.000000,706768513.000000,0.000011,-0.000026,0.000379,
1614725614.000000,711771250.000000,-0.000001,-0.000031,0.000470,
1614725614.000000,716775417.000000,-0.000013,-0.000036,0.000570,
1614725614.000000,761805534.000000,0.000218,-0.000061,0.000146,
1614725614.000000,766809702.000000,0.000225,-0.000066,0.000210,
1614725614.000000,771812677.000000,0.000236,-0.000072,0.000284,
1614725614.000000,776815653.000000,0.000251,-0.000079,0.000368,
1614725614.000000,781819344.000000,0.000270,-0.000087,0.000471,
1614725614.000000,786822319.000000,0.000286,-0.000095,0.000577,
1614725614.000000,791825533.000000,0.000302,-0.000103,0.000690,
1614725614.000000,796829462.000000,0.000114,-0.000005,0.000252,
1614725614.000000,801832438.000000,0.000110,-0.000005,0.000339,
1614725614.000000,806836605.000000,0.000101,-0.000004,0.000434,
1614725614.000000,851866484.000000,0.000047,-0.000058,0.000612,
1614725614.000000,856870413.000000,0.000039,-0.000059,0.000722,
1614725614.000000,861873388.000000,0.000090,-0.000005,0.000213,
1614725614.000000,866876364.000000,0.000082,-0.000004,0.000293,
1614725614.000000,871880531.000000,0.000075,-0.000004,0.000380,
1614725614.000000,876883507.000000,0.000063,0.000006,0.000486,
1614725614.000000,881887674.000000,0.000048,0.000012,0.000594,
1614725614.000000,886890411.000000,0.000030,0.000020,0.000709,
1614725614.000000,891893387.000000,0.000028,0.000011,0.000824,
1614725614.000000,896897554.000000,0.000095,-0.000008,0.000238,
1614725614.000000,986958504.000000,0.000706,-0.000393,0.000751,
1614725614.000000,991961479.000000,0.000781,-0.000359,0.000894,
1614725614.000000,996965647.000000,-0.000063,0.000494,0.000345,
1614725615.000000,1968384.000000,-0.000166,0.000517,0.000446,
1614725615.000000,6971359.000000,-0.000239,0.000599,0.000560,
1614725615.000000,11975527.000000,-0.000326,0.000679,0.000681,
1614725615.000000,16978502.000000,-0.000355,0.000762,0.000794,
1614725615.000000,21981478.000000,-0.000409,0.000842,0.000918,
1614725615.000000,26985407.000000,-0.000061,0.000297,0.000277,
1614725615.000000,31988382.000000,-0.000127,0.000333,0.000368,
1614725615.000000,77019453.000000,-0.000060,0.000436,0.000535,
1614725615.000000,82022429.000000,-0.000040,0.000430,0.000620,
1614725615.000000,87025404.000000,-0.000005,0.000429,0.000713,
1614725615.000000,92029333.000000,0.000036,0.000419,0.000810,
1614725615.000000,97032547.000000,-0.000287,0.000333,0.000249,
1614725615.000000,102036476.000000,-0.000325,0.000325,0.000327,
1614725615.000000,107039452.000000,-0.000373,0.000319,0.000415,
1614725615.000000,112042665.000000,-0.000447,0.000352,0.000500,
1614725615.000000,117046595.000000,-0.000533,0.000382,0.000597,
1614725615.000000,122049570.000000,-0.000636,0.000424,0.000701,
1614725615.000000,172083378.000000,-0.000931,0.001697,0.001107,
1614725615.000000,177086592.000000,-0.001149,0.001750,0.001287,
1614725615.000000,182090521.000000,-0.001339,0.001918,0.001492,
1614725615.000000,187093735.000000,-0.001551,0.002075,0.001707,
1614725615.000000,192097425.000000,-0.001786,0.002138,0.001911,
1614725615.000000,197100401.000000,-0.000864,0.000826,0.001253,
1614725615.000000,202103615.000000,-0.001062,0.000702,0.001422,
1614725615.000000,207107544.000000,-0.001334,0.000461,0.001641,
1614725615.000000,212110758.000000,-0.001606,0.000215,0.001843,
1614725615.000000,217114687.000000,-0.001914,-0.000081,0.002063,
1614725615.000000,262144566.000000,-0.001478,-0.002009,0.002344,
1614725615.000000,267148495.000000,-0.001715,-0.002363,0.002560,
1614725615.000000,272151470.000000,-0.002009,-0.002788,0.002779,
1614725615.000000,277154684.000000,-0.002320,-0.003218,0.003015,
1614725615.000000,282158613.000000,-0.002645,-0.003653,0.003272,
1614725615.000000,287161827.000000,-0.003004,-0.004174,0.003566,
1614725615.000000,292164564.000000,-0.001784,-0.001761,0.003040,
1614725615.000000,297168255.000000,-0.002059,-0.002089,0.003356,
1614725615.000000,302171469.000000,-0.002314,-0.002511,0.003666,
1614725615.000000,307175398.000000,-0.002605,-0.002923,0.004012,
1614725615.000000,352205753.000000,-0.002258,-0.005839,0.005148,
1614725615.000000,357208729.000000,-0.002299,-0.006445,0.005486,
1614725615.000000,362212658.000000,-0.000737,-0.005613,0.004745,
1614725615.000000,367215633.000000,-0.000615,-0.006161,0.005043,
1614725615.000000,372218609.000000,-0.000469,-0.006730,0.005354,
1614725615.000000,377222538.000000,-0.000315,-0.007299,0.005695,
1614725615.000000,382225513.000000,-0.000133,-0.007890,0.006044,
1614725615.000000,387229443.000000,0.000071,-0.008497,0.006408,
1614725615.000000,392232656.000000,0.000298,-0.009108,0.006776,
1614725615.000000,397235394.000000,0.001186,-0.007998,0.006587,
1614725615.000000,492300749.000000,0.011878,-0.016662,0.015180,
1614725615.000000,497303486.000000,0.012724,-0.017057,0.015763,
1614725615.000000,502307653.000000,0.013631,-0.017350,0.016365,
1614725615.000000,507310629.000000,0.014556,-0.017661,0.016977,
1614725615.000000,512314558.000000,0.015513,-0.017944,0.017603,
1614725615.000000,517317533.000000,0.016506,-0.018199,0.018247,
1614725615.000000,522320509.000000,0.017561,-0.018453,0.018876,
1614725615.000000,527324438.000000,0.017884,-0.020223,0.018839,
1614725615.000000,532327414.000000,0.018975,-0.020461,0.019424,
1614725615.000000,537331343.000000,0.020093,-0.020726,0.020008,
1614725615.000000,587364674.000000,0.027428,-0.023035,0.024864,
1614725615.000000,592368603.000000,0.028572,-0.023163,0.025527,
1614725615.000000,597371340.000000,0.024975,-0.022541,0.024330,
1614725615.000000,602375269.000000,0.025947,-0.022557,0.024917,
1614725615.000000,607378483.000000,0.026945,-0.022551,0.025518,
1614725615.000000,612381458.000000,0.027930,-0.022526,0.026136,
1614725615.000000,617385626.000000,0.028950,-0.022479,0.026771,
1614725615.000000,622388601.000000,0.029987,-0.022411,0.027425,
1614725615.000000,627392530.000000,0.025319,-0.022493,0.026039,
1614725615.000000,632395744.000000,0.026110,-0.022393,0.026607,
1614725615.000000,677426338.000000,0.027075,-0.022548,0.030640,
1614725615.000000,682429552.000000,0.027750,-0.022310,0.031188,
1614725615.000000,687432528.000000,0.028440,-0.022045,0.031735,
1614725615.000000,692436457.000000,0.023626,-0.024538,0.031068,
1614725615.000000,697439671.000000,0.024169,-0.024284,0.031544,
1614725615.000000,702443361.000000,0.024737,-0.023991,0.032019,
1614725615.000000,707446575.000000,0.025341,-0.023675,0.032493,
1614725615.000000,712449551.000000,0.025967,-0.023316,0.032968,
1614725615.000000,717453480.000000,0.026621,-0.022922,0.033445,
1614725615.000000,722456694.000000,0.027285,-0.022488,0.033936,
1614725615.000000,777493477.000000,0.025632,-0.024592,0.036986,
1614725615.000000,782497644.000000,0.026236,-0.024132,0.037375,
1614725615.000000,787500620.000000,0.026834,-0.023654,0.037765,
1614725615.000000,792504549.000000,0.026439,-0.026992,0.037675,
1614725615.000000,797507763.000000,0.026999,-0.026604,0.038051,
1614725615.000000,802510500.000000,0.027517,-0.026202,0.038445,
1614725615.000000,807514668.000000,0.028064,-0.025778,0.038836,
1614725615.000000,812517643.000000,0.028611,-0.025334,0.039230,
1614725615.000000,817520380.000000,0.029133,-0.024887,0.039619,
1614725615.000000,822524548.000000,0.029661,-0.024418,0.040018,
1614725615.000000,867554665.000000,0.035615,-0.027205,0.044142,
1614725615.000000,872558832.000000,0.036076,-0.026721,0.044530,
1614725615.000000,877561569.000000,0.036533,-0.026212,0.044920,
1614725615.000000,882564545.000000,0.036996,-0.025654,0.045305,
1614725615.000000,887568474.000000,0.037451,-0.025080,0.045697,
1614725615.000000,892571449.000000,0.037903,-0.024476,0.046089,
1614725615.000000,897575617.000000,0.038431,-0.025640,0.046905,
1614725615.000000,902578592.000000,0.038862,-0.025004,0.047267,
1614725615.000000,907581329.000000,0.039291,-0.024339,0.047630,
1614725615.000000,912585497.000000,0.039532,-0.023745,0.048056,
1614725615.000000,957616329.000000,0.043979,-0.018186,0.052569,
1614725615.000000,962619543.000000,0.047555,-0.017833,0.054469,
1614725615.000000,967622519.000000,0.047767,-0.016854,0.054931,
1614725615.000000,972626686.000000,0.047972,-0.015881,0.055380,
1614725615.000000,977629423.000000,0.048158,-0.014855,0.055849,
1614725615.000000,982633352.000000,0.048329,-0.013799,0.056324,
1614725615.000000,987636566.000000,0.048483,-0.012713,0.056805,
1614725615.000000,992639542.000000,0.048600,-0.011702,0.057280,
1614725615.000000,997643709.000000,0.051704,-0.010202,0.060222,
1614725616.000000,2646685.000000,0.051818,-0.009146,0.060758,
1614725616.000000,52680492.000000,0.054146,0.003244,0.067322,
1614725616.000000,57683468.000000,0.054030,0.004444,0.067946,
1614725616.000000,62687635.000000,0.057876,0.008077,0.068027,
1614725616.000000,67690611.000000,0.057782,0.009300,0.068587,
1614725616.000000,72694540.000000,0.057679,0.010547,0.069154,
1614725616.000000,77697515.000000,0.057555,0.011793,0.069725,
1614725616.000000,82700491.000000,0.057412,0.013024,0.070296,
1614725616.000000,87704659.000000,0.057247,0.014256,0.070873,
1614725616.000000,92707634.000000,0.057061,0.015484,0.071453,
1614725616.000000,97710609.000000,0.060827,0.019617,0.071433,
1614725616.000000,192775488.000000,0.074947,0.052570,0.080305,
1614725616.000000,197778463.000000,0.074914,0.054028,0.080806,
1614725616.000000,202782631.000000,0.074858,0.055479,0.081306,
1614725616.000000,207785606.000000,0.074774,0.056917,0.081804,
1614725616.000000,212789536.000000,0.074668,0.058350,0.082305,
1614725616.000000,217792511.000000,0.074538,0.059775,0.082808,
1614725616.000000,222795486.000000,0.074386,0.061191,0.083313,
1614725616.000000,227799654.000000,0.078008,0.063653,0.083221,
1614725616.000000,232802629.000000,0.077921,0.065059,0.083660,
1614725616.000000,237805605.000000,0.077811,0.066453,0.084095,
1614725616.000000,287839413.000000,0.080028,0.080176,0.087762,
1614725616.000000,292843580.000000,0.082279,0.081348,0.087331,
1614725616.000000,297846556.000000,0.082135,0.082607,0.087705,
1614725616.000000,302850723.000000,0.081986,0.083878,0.088077,
1614725616.000000,307853699.000000,0.081813,0.085125,0.088452,
1614725616.000000,312857628.000000,0.081625,0.086363,0.088828,
1614725616.000000,317860603.000000,0.081429,0.087614,0.089214,
1614725616.000000,322863579.000000,0.081215,0.088852,0.089601,
1614725616.000000,327867270.000000,0.082518,0.090390,0.088804,
1614725616.000000,332870483.000000,0.082306,0.091627,0.089151,
1614725616.000000,377901554.000000,0.080196,0.102456,0.091588,
1614725616.000000,382904768.000000,0.079799,0.103501,0.091941,
1614725616.000000,387907505.000000,0.079372,0.104525,0.092301,
1614725616.000000,392911673.000000,0.079682,0.106099,0.091601,
1614725616.000000,397914648.000000,0.079234,0.107099,0.091926,
1614725616.000000,402918339.000000,0.078758,0.108059,0.092247,
1614725616.000000,407921553.000000,0.078258,0.108992,0.092573,
1614725616.000000,412924528.000000,0.077742,0.109915,0.092916,
1614725616.000000,417928696.000000,0.077202,0.110809,0.093265,
1614725616.000000,422931433.000000,0.076641,0.111682,0.093624,
1614725616.000000,482972622.000000,0.068746,0.121519,0.096027,
1614725616.000000,487975359.000000,0.067980,0.122146,0.096377,
1614725616.000000,492979527.000000,0.066521,0.123253,0.097055,
1614725616.000000,497982502.000000,0.065734,0.123864,0.097424,
1614725616.000000,502985477.000000,0.064935,0.124449,0.097802,
1614725616.000000,507989645.000000,0.064120,0.124986,0.098205,
1614725616.000000,512992620.000000,0.063297,0.125505,0.098610,
1614725616.000000,517996788.000000,0.062462,0.125994,0.099026,
1614725616.000000,522999525.000000,0.061613,0.126440,0.099458,
1614725616.000000,528003454.000000,0.060483,0.126806,0.099814,
1614725616.000000,568030357.000000,0.051919,0.129053,0.103621,
1614725616.000000,573033571.000000,0.051029,0.129193,0.104062,
1614725616.000000,578036547.000000,0.050149,0.129299,0.104498,
1614725616.000000,583040714.000000,0.049280,0.129372,0.104931,
1614725616.000000,588043690.000000,0.048458,0.129419,0.105373,
1614725616.000000,593046427.000000,0.046009,0.128771,0.107014,
1614725616.000000,598050594.000000,0.045166,0.128763,0.107467,
1614725616.000000,603053570.000000,0.044285,0.128708,0.107953,
1614725616.000000,608057737.000000,0.043442,0.128627,0.108422,
1614725616.000000,613060713.000000,0.042607,0.128513,0.108894,
1614725616.000000,658091784.000000,0.033624,0.124565,0.111784,
1614725616.000000,663094521.000000,0.030736,0.123268,0.112493,
1614725616.000000,668097496.000000,0.029915,0.122688,0.112902,
1614725616.000000,673101664.000000,0.029113,0.122067,0.113306,
1614725616.000000,678104639.000000,0.028333,0.121409,0.113710,
1614725616.000000,683108807.000000,0.027573,0.120710,0.114107,
1614725616.000000,688111782.000000,0.026833,0.119973,0.114500,
1614725616.000000,693115473.000000,0.024108,0.117710,0.114162,
1614725616.000000,698118448.000000,0.023378,0.116855,0.114511,
1614725616.000000,703121424.000000,0.022665,0.115968,0.114853,
1614725616.000000,793183565.000000,0.012685,0.092756,0.110898,
1614725616.000000,798186541.000000,0.012216,0.091319,0.110878,
1614725616.000000,803189516.000000,0.011805,0.089848,0.110870,
1614725616.000000,808193445.000000,0.011382,0.088360,0.110861,
1614725616.000000,813196659.000000,0.010975,0.086849,0.110861,
1614725616.000000,818200588.000000,0.010580,0.085313,0.110870,
1614725616.000000,823203802.000000,0.010264,0.083767,0.110846,
1614725616.000000,828207731.000000,0.009607,0.081096,0.110028,
1614725616.000000,833210468.000000,0.009317,0.079476,0.109989,
1614725616.000000,838213444.000000,0.009095,0.077902,0.109923,
1614725616.000000,883244514.000000,0.007205,0.063355,0.109200,
1614725616.000000,888247728.000000,0.007055,0.061766,0.109173,
1614725616.000000,893251657.000000,0.006098,0.061242,0.108696,
1614725616.000000,898254633.000000,0.006024,0.059747,0.108670,
1614725616.000000,903257608.000000,0.005929,0.058251,0.108657,
1614725616.000000,908261538.000000,0.005858,0.056767,0.108657,
1614725616.000000,913264513.000000,0.005839,0.055277,0.108667,
1614725616.000000,918268442.000000,0.005835,0.053803,0.108685,
1614725616.000000,923271418.000000,0.005859,0.052336,0.108710,
1614725616.000000,928274632.000000,0.004867,0.051616,0.110016,
1614725616.000000,973305464.000000,0.005493,0.039750,0.111124,
1614725616.000000,978309393.000000,0.005678,0.038384,0.111266,
1614725616.000000,983312368.000000,0.005882,0.037018,0.111412,
1614725616.000000,988315582.000000,0.006103,0.035663,0.111568,
1614725616.000000,993319511.000000,0.005708,0.035233,0.111010,
1614725616.000000,998322487.000000,0.005951,0.033977,0.111167,
1614725617.000000,3326654.000000,0.006218,0.032742,0.111336,
1614725617.000000,8329391.000000,0.006517,0.031530,0.111529,
1614725617.000000,13332367.000000,0.006828,0.030338,0.111729,
1614725617.000000,18336535.000000,0.007160,0.029168,0.111940,
1614725617.000000,68370581.000000,0.009853,0.015403,0.113124,
1614725617.000000,73373318.000000,0.010339,0.014212,0.113421,
1614725617.000000,78377485.000000,0.010835,0.013008,0.113731,
1614725617.000000,83380461.000000,0.011349,0.011807,0.114053,
1614725617.000000,88383436.000000,0.011878,0.010624,0.114393,
1614725617.000000,93387604.000000,0.012212,0.007664,0.113576,
1614725617.000000,98390579.000000,0.012778,0.006445,0.113896,
1614725617.000000,103394747.000000,0.013342,0.005215,0.114251,
1614725617.000000,108397484.000000,0.013928,0.003999,0.114609,
1614725617.000000,113400459.000000,0.014528,0.002787,0.114981,
1614725617.000000,153428555.000000,0.020625,-0.008061,0.116510,
1614725617.000000,158431530.000000,0.021419,-0.009235,0.116925,
1614725617.000000,163434505.000000,0.021686,-0.011738,0.115383,
1614725617.000000,168438673.000000,0.022506,-0.012866,0.115729,
1614725617.000000,173441410.000000,0.023356,-0.013999,0.116088,
1614725617.000000,178445578.000000,0.024226,-0.015112,0.116451,
1614725617.000000,183448553.000000,0.025118,-0.016180,0.116808,
1614725617.000000,188451529.000000,0.026032,-0.017231,0.117170,
1614725617.000000,193455696.000000,0.026969,-0.018254,0.117532,
1614725617.000000,198458672.000000,0.026066,-0.019612,0.114757,
1614725617.000000,288519382.000000,0.043434,-0.036076,0.114156,
1614725617.000000,293523550.000000,0.044550,-0.036725,0.114350,
1614725617.000000,298526525.000000,0.045442,-0.037725,0.112867,
1614725617.000000,303530693.000000,0.046559,-0.038357,0.113024,
1614725617.000000,308533669.000000,0.047665,-0.038974,0.113187,
1614725617.000000,313536406.000000,0.048793,-0.039571,0.113354,
1614725617.000000,318540573.000000,0.049930,-0.040149,0.113526,
1614725617.000000,323543549.000000,0.051063,-0.040721,0.113711,
1614725617.000000,328547716.000000,0.052461,-0.041776,0.112098,
1614725617.000000,333550692.000000,0.053614,-0.042340,0.112245,
1614725617.000000,383584499.000000,0.064840,-0.046270,0.111513,
1614725617.000000,388587475.000000,0.066037,-0.046746,0.111746,
1614725617.000000,393591642.000000,0.067321,-0.046506,0.109632,
1614725617.000000,398594618.000000,0.068535,-0.046969,0.109829,
1614725617.000000,403598547.000000,0.069693,-0.047461,0.110059,
1614725617.000000,408601761.000000,0.070882,-0.047941,0.110298,
1614725617.000000,413604498.000000,0.072065,-0.048425,0.110558,
1614725617.000000,418608427.000000,0.073253,-0.048891,0.110832,
1614725617.000000,423611403.000000,0.074436,-0.049365,0.111126,
1614725617.000000,428614378.000000,0.075717,-0.048447,0.109801,
1614725617.000000,468642712.000000,0.084374,-0.049259,0.111036,
1614725617.000000,473645687.000000,0.085527,-0.049521,0.111411,
1614725617.000000,478648663.000000,0.086675,-0.049748,0.111807,
1614725617.000000,483652592.000000,0.087818,-0.049967,0.112220,
1614725617.000000,488655567.000000,0.088957,-0.050167,0.112651,
1614725617.000000,493659496.000000,0.090253,-0.050139,0.112780,
1614725617.000000,498662472.000000,0.091366,-0.050278,0.113242,
1614725617.000000,503665447.000000,0.092469,-0.050395,0.113722,
1614725617.000000,508669615.000000,0.093574,-0.050481,0.114208,
1614725617.000000,513672590.000000,0.094668,-0.050548,0.114715,
1614725617.000000,563706636.000000,0.105806,-0.048542,0.117905,
1614725617.000000,568710327.000000,0.106915,-0.048326,0.118454,
1614725617.000000,573713541.000000,0.108011,-0.048080,0.119014,
1614725617.000000,578717470.000000,0.109110,-0.047817,0.119582,
1614725617.000000,583720684.000000,0.110204,-0.047532,0.120161,
1614725617.000000,588723421.000000,0.111281,-0.047212,0.120754,
1614725617.000000,593727350.000000,0.112210,-0.045756,0.118564,
1614725617.000000,598730564.000000,0.113274,-0.045355,0.119085,
1614725617.000000,603734493.000000,0.114315,-0.044912,0.119607,
1614725617.000000,608737707.000000,0.115353,-0.044449,0.120143,
1614725617.000000,648764610.000000,0.122829,-0.039182,0.123170,
1614725617.000000,653768539.000000,0.123814,-0.038435,0.123726,
1614725617.000000,658771515.000000,0.124790,-0.037654,0.124286,
1614725617.000000,663774490.000000,0.124885,-0.036696,0.122896,
1614725617.000000,668778419.000000,0.125825,-0.035864,0.123400,
1614725617.000000,673781633.000000,0.126748,-0.034997,0.123913,
1614725617.000000,678785563.000000,0.127665,-0.034102,0.124432,
1614725617.000000,683788776.000000,0.128581,-0.033178,0.124961,
1614725617.000000,688791513.000000,0.129489,-0.032226,0.125494,
1614725617.000000,693795443.000000,0.130703,-0.030373,0.124577,
1614725617.000000,788859606.000000,0.144756,-0.006340,0.133903,
1614725617.000000,793863297.000000,0.145585,-0.005867,0.133384,
1614725617.000000,798866510.000000,0.146151,-0.004513,0.134040,
1614725617.000000,803870440.000000,0.146704,-0.003150,0.134704,
1614725617.000000,808873415.000000,0.147284,-0.001796,0.135355,
1614725617.000000,813876629.000000,0.147832,-0.000427,0.136022,
1614725617.000000,818880558.000000,0.148372,0.000948,0.136693,
1614725617.000000,823883772.000000,0.148923,0.002329,0.137370,
1614725617.000000,828886509.000000,0.148733,0.003863,0.137202,
1614725617.000000,833890438.000000,0.149279,0.005253,0.137872,
1614725617.000000,888927698.000000,0.154288,0.020341,0.142986,
1614725617.000000,893931627.000000,0.154401,0.021136,0.141848,
1614725617.000000,898934364.000000,0.154717,0.022559,0.142517,
1614725617.000000,903938532.000000,0.155015,0.023970,0.143185,
1614725617.000000,908941507.000000,0.155293,0.025389,0.143874,
1614725617.000000,913944721.000000,0.155552,0.026809,0.144575,
1614725617.000000,918948650.000000,0.155787,0.028225,0.145293,
1614725617.000000,923951626.000000,0.156003,0.029642,0.146021,
1614725617.000000,928955555.000000,0.155660,0.030972,0.145049,
1614725617.000000,933958292.000000,0.155799,0.032389,0.145733,
1614725617.000000,978989601.000000,0.155993,0.044129,0.150966,
1614725617.000000,983992577.000000,0.155989,0.045559,0.151702,
1614725617.000000,988995790.000000,0.155969,0.047001,0.152446,
1614725617.000000,993999720.000000,0.155698,0.048739,0.151567,
1614725617.000000,999002457.000000,0.155620,0.050181,0.152292,
1614725618.000000,4006386.000000,0.155538,0.051632,0.153014,
1614725618.000000,9009361.000000,0.155434,0.053085,0.153747,
1614725618.000000,14012575.000000,0.155290,0.054524,0.154491,
1614725618.000000,19016504.000000,0.155130,0.055966,0.155247,
1614725618.000000,24019480.000000,0.154945,0.057404,0.156015,
1614725618.000000,69050550.000000,0.151286,0.070198,0.159191,
1614725618.000000,74053288.000000,0.150914,0.071567,0.159900,
1614725618.000000,79057455.000000,0.150527,0.072937,0.160607,
1614725618.000000,84060431.000000,0.150122,0.074295,0.161320,
1614725618.000000,89063406.000000,0.149673,0.075623,0.162040,
1614725618.000000,94067574.000000,0.148824,0.076936,0.161152,
1614725618.000000,99070549.000000,0.148330,0.078236,0.161837,
1614725618.000000,104074478.000000,0.147813,0.079520,0.162531,
1614725618.000000,109077454.000000,0.147328,0.080796,0.163207,
1614725618.000000,114081621.000000,0.146794,0.082051,0.163904,
1614725618.000000,164115667.000000,0.140072,0.093284,0.168298,
1614725618.000000,169118643.000000,0.139341,0.094415,0.168938,
1614725618.000000,174121380.000000,0.138600,0.095541,0.169581,
1614725618.000000,179125547.000000,0.137835,0.096654,0.170230,
1614725618.000000,184128523.000000,0.137084,0.097746,0.170869,
1614725618.000000,189132690.000000,0.136304,0.098826,0.171520,
1614725618.000000,194135666.000000,0.134836,0.099697,0.171639,
1614725618.000000,199138641.000000,0.134050,0.100739,0.172245,
1614725618.000000,204142809.000000,0.133249,0.101770,0.172857,
1614725618.000000,209145546.000000,0.132439,0.102783,0.173468,
1614725618.000000,254176617.000000,0.123890,0.111141,0.178540,
1614725618.000000,259179592.000000,0.122933,0.112048,0.179173,
1614725618.000000,264183521.000000,0.122523,0.113403,0.179292,
1614725618.000000,269186735.000000,0.121581,0.114332,0.179920,
1614725618.000000,274190664.000000,0.120634,0.115252,0.180555,
1614725618.000000,279193640.000000,0.119691,0.116172,0.181201,
1614725618.000000,284196615.000000,0.118738,0.117081,0.181853,
1614725618.000000,289200306.000000,0.117779,0.117985,0.182514,
1614725618.000000,294203520.000000,0.115712,0.119126,0.182733,
1614725618.000000,299206495.000000,0.114729,0.120004,0.183366,
1614725618.000000,394271612.000000,0.094636,0.134830,0.194580,
1614725618.000000,399275541.000000,0.093531,0.135445,0.195273,
1614725618.000000,404278755.000000,0.092410,0.136011,0.195990,
1614725618.000000,409282684.000000,0.091287,0.136558,0.196713,
1614725618.000000,414285421.000000,0.090157,0.137074,0.197450,
1614725618.000000,419288635.000000,0.089032,0.137554,0.198196,
1614725618.000000,424292564.000000,0.087896,0.138004,0.198954,
1614725618.000000,429295778.000000,0.086849,0.137987,0.199114,
1614725618.000000,434299469.000000,0.085749,0.138364,0.199839,
1614725618.000000,439302444.000000,0.084628,0.138710,0.200581,
1614725618.000000,489336491.000000,0.071291,0.138163,0.208935,
1614725618.000000,494339705.000000,0.070062,0.137379,0.208456,
1614725618.000000,499343634.000000,0.068913,0.137320,0.209214,
1614725618.000000,504346609.000000,0.067750,0.137229,0.209977,
1614725618.000000,509350538.000000,0.066586,0.137117,0.210743,
1614725618.000000,514353275.000000,0.065461,0.136951,0.211479,
1614725618.000000,519356489.000000,0.064331,0.136769,0.212226,
1614725618.000000,524360418.000000,0.063214,0.136555,0.212971,
1614725618.000000,529363394.000000,0.062311,0.135277,0.212619,
1614725618.000000,534367561.000000,0.061250,0.134962,0.213299,
1614725618.000000,584401369.000000,0.050712,0.128764,0.217344,
1614725618.000000,589404345.000000,0.049526,0.128203,0.217916,
1614725618.000000,594408512.000000,0.048447,0.127545,0.216814,
1614725618.000000,599411488.000000,0.047285,0.126980,0.217326,
1614725618.000000,604414463.000000,0.046117,0.126405,0.217838,
1614725618.000000,609418631.000000,0.045019,0.125754,0.218280,
1614725618.000000,614421606.000000,0.043887,0.125118,0.218753,
1614725618.000000,619425774.000000,0.042760,0.124460,0.219215,
1614725618.000000,624428511.000000,0.041629,0.123782,0.219653,
1614725618.000000,629431486.000000,0.039881,0.123646,0.219760,
1614725618.000000,669459581.000000,0.030656,0.117909,0.221376,
1614725618.000000,674462557.000000,0.029516,0.117126,0.221649,
1614725618.000000,679466486.000000,0.028383,0.116326,0.221914,
1614725618.000000,684469700.000000,0.027256,0.115511,0.222170,
1614725618.000000,689472437.000000,0.026195,0.114638,0.222394,
1614725618.000000,694476604.000000,0.025120,0.114527,0.221438,
1614725618.000000,699479580.000000,0.024089,0.113649,0.221604,
1614725618.000000,704483509.000000,0.023128,0.112780,0.221744,
1614725618.000000,709486723.000000,0.022166,0.111873,0.221880,
1614725618.000000,714489698.000000,0.021230,0.110947,0.222000,
1614725618.000000,764523506.000000,0.012032,0.100741,0.219754,
1614725618.000000,769527674.000000,0.011190,0.099585,0.219728,
1614725618.000000,774530649.000000,0.010365,0.098409,0.219696,
1614725618.000000,779534578.000000,0.009610,0.097235,0.219639,
1614725618.000000,784537792.000000,0.008864,0.096037,0.219582,
1614725618.000000,789541721.000000,0.008149,0.094825,0.219517,
1614725618.000000,794544220.000000,0.007635,0.094054,0.217767,
1614725618.000000,799547434.000000,0.007012,0.092853,0.217617,
1614725618.000000,804551363.000000,0.006420,0.091642,0.217463,
1614725618.000000,809554577.000000,0.005859,0.090421,0.217304,
1614725618.000000,894612312.000000,-0.005243,0.067903,0.211475,
1614725618.000000,899615526.000000,-0.005637,0.066485,0.211210,
1614725618.000000,904619455.000000,-0.006066,0.065045,0.210968,
1614725618.000000,909622669.000000,-0.006465,0.063602,0.210721,
1614725618.000000,914626598.000000,-0.006860,0.062148,0.210478,
1614725618.000000,919629574.000000,-0.007252,0.060683,0.210237,
1614725618.000000,924633741.000000,-0.007627,0.059202,0.209996,
1614725618.000000,929636478.000000,-0.009497,0.057319,0.209664,
1614725618.000000,934640408.000000,-0.009911,0.055799,0.209427,
1614725618.000000,939643383.000000,-0.010200,0.054333,0.209171,
1614725618.000000,984674692.000000,-0.012423,0.041677,0.209748,
1614725618.000000,989677668.000000,-0.012311,0.040318,0.209505,
1614725618.000000,994680643.000000,-0.013173,0.039334,0.209635,
1614725618.000000,999684572.000000,-0.013074,0.037996,0.209436,
1614725619.000000,4687548.000000,-0.012904,0.036681,0.209219,
1614725619.000000,9691477.000000,-0.012698,0.035376,0.209001,
1614725619.000000,14694452.000000,-0.012485,0.034044,0.208792,
1614725619.000000,19697428.000000,-0.012237,0.032726,0.208579,
1614725619.000000,24701595.000000,-0.011630,0.032189,0.205431,
1614725619.000000,29704571.000000,-0.011362,0.030841,0.205153,
1614725619.000000,74735641.000000,-0.008391,0.017243,0.199217,
1614725619.000000,79738617.000000,-0.007880,0.015861,0.198872,
1614725619.000000,84742546.000000,-0.007341,0.014477,0.198529,
1614725619.000000,89745522.000000,-0.006775,0.013100,0.198192,
1614725619.000000,94749451.000000,-0.006283,0.011530,0.195025,
1614725619.000000,99752665.000000,-0.005675,0.010175,0.194595,
1614725619.000000,104755402.000000,-0.005044,0.008827,0.194167,
1614725619.000000,109759569.000000,-0.004522,0.007458,0.193811,
1614725619.000000,114762545.000000,-0.003902,0.006112,0.193418,
1614725619.000000,119765520.000000,-0.003272,0.004769,0.193034,
