1624923211.000000,457331985.000000,-0.055680,-0.867072,0.000000,0.000000,0.000000,-0.013943,0.999903,0.000000,0.000000,0.000000,0.000000,0.000000,-0.000329,
1624923211.000000,490331985.000000,-0.055680,-0.867072,0.000000,0.000000,0.000000,-0.013943,0.999903,0.000000,0.000000,0.000000,0.000000,0.000000,0.000000,
1624923211.000000,523331985.000000,-0.055705,-0.867072,0.000000,0.000000,0.000000,-0.013942,0.999903,-0.000767,0.000000,0.000000,0.000000,0.000000,0.000054,
1624923211.000000,556331985.000000,-0.055680,-0.867072,0.000000,0.000000,0.000000,-0.013940,0.999903,0.000767,0.000000,0.000000,0.000000,0.000000,0.000137,
1624923221.000000,892860881.000000,-0.055705,-0.867072,0.000000,0.000000,0.000000,-0.014181,0.999899,0.000000,0.000000,0.000000,0.000000,0.000000,-0.000235,
1624923221.000000,925860881.000000,-0.055705,-0.867072,0.000000,0.000000,0.000000,-0.014180,0.999899,0.000000,0.000000,0.000000,0.000000,0.000000,0.000040,
1624923221.000000,958860881.000000,-0.055705,-0.867072,0.000000,0.000000,0.000000,-0.014182,0.999899,0.000000,0.000000,0.000000,0.000000,0.000000,-0.000087,
1624923221.000000,991860881.000000,-0.055680,-0.867072,0.000000,0.000000,0.000000,-0.014178,0.999900,0.000767,0.000000,0.000000,0.000000,0.000000,0.000199,
1624923222.000000,24860881.000000,-0.055680,-0.867072,0.000000,0.000000,0.000000,-0.014183,0.999899,0.000000,0.000000,0.000000,0.000000,0.000000,-0.000246,
1624923222.000000,57860881.000000,-0.055680,-0.867072,0.000000,0.000000,0.000000,-0.014183,0.999899,0.000000,0.000000,0.000000,0.000000,0.000000,-0.000029,
1624923222.000000,91860881.000000,-0.055705,-0.867072,0.000000,0.000000,0.000000,-0.014187,0.999899,-0.000744,0.000000,0.000000,0.000000,0.000000,-0.000221,
1624923222.000000,124860881.000000,-0.055705,-0.867072,0.000000,0.000000,0.000000,-0.014187,0.999899,0.000000,0.000000,0.000000,0.000000,0.000000,-0.000043,
1624923222.000000,157860881.000000,-0.055680,-0.867072,0.000000,0.000000,0.000000,-0.014189,0.999899,0.000767,0.000000,0.000000,0.000000,0.000000,-0.000108,
1624923222.000000,190860881.000000,-0.055705,-0.867072,0.000000,0.000000,0.000000,-0.014188,0.999899,-0.000767,0.000000,0.000000,0.000000,0.000000,0.000069,
1624923222.000000,223860881.000000,-0.055705,-0.867072,0.000000,0.000000,0.000000,-0.014186,0.999899,0.000000,0.000000,0.000000,0.000000,0.000000,0.000119,
1624923222.000000,257860881.000000,-0.055680,-0.867072,0.000000,0.000000,0.000000,-0.014189,0.999899,0.000744,0.000000,0.000000,0.000000,0.000000,-0.000179,
1624923222.000000,290860881.000000,-0.055705,-0.867072,0.000000,0.000000,0.000000,-0.014190,0.999899,-0.000767,0.000000,0.000000,0.000000,0.000000,-0.000072,
1624923222.000000,322860881.000000,-0.054946,-0.867094,0.000000,0.000000,0.000000,-0.015368,0.999882,0.023729,0.000000,0.000000,0.000000,0.000000,-0.073604,
1624923222.000000,356447931.000000,-0.053252,-0.867154,0.000000,0.000000,0.000000,-0.019966,0.999801,0.049877,0.000000,0.000000,0.000000,0.000000,-0.270535,
1624923222.000000,389447931.000000,-0.051204,-0.867250,0.000000,0.000000,0.000000,-0.026843,0.999640,0.062126,0.000000,0.000000,0.000000,0.000000,-0.416897,
1624923222.000000,422447931.000000,-0.049107,-0.867377,0.000000,0.000000,0.000000,-0.033869,0.999426,0.063660,0.000000,0.000000,0.000000,0.000000,-0.426018,
1624923222.000000,455447931.000000,-0.046936,-0.867541,0.000000,0.000000,0.000000,-0.041136,0.999154,0.065961,0.000000,0.000000,0.000000,0.000000,-0.440691,
1624923222.000000,488447931.000000,-0.044844,-0.867728,0.000000,0.000000,0.000000,-0.048280,0.998834,0.063660,0.000000,0.000000,0.000000,0.000000,-0.433463,
1624923222.000000,521447931.000000,-0.042704,-0.867952,0.000000,0.000000,0.000000,-0.055737,0.998446,0.065194,0.000000,0.000000,0.000000,0.000000,-0.452504,
1624923222.000000,554447931.000000,-0.040568,-0.868207,0.000000,0.000000,0.000000,-0.063089,0.998008,0.065194,0.000000,0.000000,0.000000,0.000000,-0.446414,
1624923222.000000,587447931.000000,-0.038410,-0.868497,0.000000,0.000000,0.000000,-0.070295,0.997526,0.065961,0.000000,0.000000,0.000000,0.000000,-0.437650,
1624923222.000000,622447931.000000,-0.036183,-0.868830,0.000000,0.000000,0.000000,-0.078034,0.996951,0.064361,0.000000,0.000000,0.000000,0.000000,-0.443472,
1624923222.000000,655447931.000000,-0.034060,-0.869180,0.000000,0.000000,0.000000,-0.085374,0.996349,0.065194,0.000000,0.000000,0.000000,0.000000,-0.446356,
1624923222.000000,688447931.000000,-0.031968,-0.869557,0.000000,0.000000,0.000000,-0.092659,0.995698,0.064427,0.000000,0.000000,0.000000,0.000000,-0.443289,
1624923222.000000,721447931.000000,-0.029806,-0.869980,0.000000,0.000000,0.000000,-0.100092,0.994978,0.066728,0.000000,0.000000,0.000000,0.000000,-0.452580,
1624923222.000000,755447931.000000,-0.027726,-0.870418,0.000000,0.000000,0.000000,-0.107292,0.994228,0.062532,0.000000,0.000000,0.000000,0.000000,-0.425826,
1624923222.000000,788447931.000000,-0.025677,-0.870881,0.000000,0.000000,0.000000,-0.114454,0.993429,0.063660,0.000000,0.000000,0.000000,0.000000,-0.436758,
1624923222.000000,821447931.000000,-0.023586,-0.871386,0.000000,0.000000,0.000000,-0.121860,0.992547,0.065194,0.000000,0.000000,0.000000,0.000000,-0.451995,
1624923222.000000,854447931.000000,-0.021551,-0.871909,0.000000,0.000000,0.000000,-0.129004,0.991644,0.063660,0.000000,0.000000,0.000000,0.000000,-0.436443,
1624923222.000000,887447931.000000,-0.019499,-0.872467,0.000000,0.000000,0.000000,-0.135988,0.990711,0.064427,0.000000,0.000000,0.000000,0.000000,-0.426997,
1624923222.000000,920447931.000000,-0.017480,-0.873048,0.000000,0.000000,0.000000,-0.143202,0.989693,0.063660,0.000000,0.000000,0.000000,0.000000,-0.441573,
1624923222.000000,953447931.000000,-0.015470,-0.873658,0.000000,0.000000,0.000000,-0.150245,0.988649,0.063660,0.000000,0.000000,0.000000,0.000000,-0.431491,
1624923222.000000,986447931.000000,-0.013469,-0.874296,0.000000,0.000000,0.000000,-0.157137,0.987577,0.063660,0.000000,0.000000,0.000000,0.000000,-0.422752,
1624923223.000000,19447931.000000,-0.011404,-0.874987,0.000000,0.000000,0.000000,-0.164384,0.986396,0.065961,0.000000,0.000000,0.000000,0.000000,-0.444972,
1624923223.000000,54447931.000000,-0.009327,-0.875718,0.000000,0.000000,0.000000,-0.172481,0.985013,0.062915,0.000000,0.000000,0.000000,0.000000,-0.469388,
1624923223.000000,88447931.000000,-0.007356,-0.876444,0.000000,0.000000,0.000000,-0.178814,0.983883,0.061788,0.000000,0.000000,0.000000,0.000000,-0.378437,
1624923223.000000,121447931.000000,-0.005372,-0.877207,0.000000,0.000000,0.000000,-0.185981,0.982553,0.064427,0.000000,0.000000,0.000000,0.000000,-0.441761,
1624923223.000000,154447931.000000,-0.003445,-0.877979,0.000000,0.000000,0.000000,-0.193032,0.981193,0.062893,0.000000,0.000000,0.000000,0.000000,-0.435201,
1624923223.000000,188447931.000000,-0.001460,-0.878808,0.000000,0.000000,0.000000,-0.200057,0.979784,0.063277,0.000000,0.000000,0.000000,0.000000,-0.421489,
1624923223.000000,221447931.000000,0.000536,-0.879676,0.000000,0.000000,0.000000,-0.207167,0.978306,0.065961,0.000000,0.000000,0.000000,0.000000,-0.440121,
1624923223.000000,254447931.000000,0.002404,-0.880521,0.000000,0.000000,0.000000,-0.214251,0.976779,0.062126,0.000000,0.000000,0.000000,0.000000,-0.439203,
1624923223.000000,287447931.000000,0.004283,-0.881403,0.000000,0.000000,0.000000,-0.221025,0.975268,0.062893,0.000000,0.000000,0.000000,0.000000,-0.420639,
1624923223.000000,320447931.000000,0.006240,-0.882355,0.000000,0.000000,0.000000,-0.228104,0.973637,0.065961,0.000000,0.000000,0.000000,0.000000,-0.440280,
1624923223.000000,354447931.000000,0.008093,-0.883291,0.000000,0.000000,0.000000,-0.235161,0.971956,0.061043,0.000000,0.000000,0.000000,0.000000,-0.426727,
1624923223.000000,387447931.000000,0.009977,-0.884276,0.000000,0.000000,0.000000,-0.241903,0.970300,0.064427,0.000000,0.000000,0.000000,0.000000,-0.420715,
1624923223.000000,420447931.000000,0.011936,-0.885336,0.000000,0.000000,0.000000,-0.249295,0.968428,0.067495,0.000000,0.000000,0.000000,0.000000,-0.462185,
1624923223.000000,453447931.000000,0.013833,-0.886403,0.000000,0.000000,0.000000,-0.257233,0.966349,0.065961,0.000000,0.000000,0.000000,0.000000,-0.497319,
1624923223.000000,487447931.000000,0.015650,-0.887459,0.000000,0.000000,0.000000,-0.263411,0.964684,0.061788,0.000000,0.000000,0.000000,0.000000,-0.376386,
1624923223.000000,520447931.000000,0.017516,-0.888579,0.000000,0.000000,0.000000,-0.270493,0.962722,0.065961,0.000000,0.000000,0.000000,0.000000,-0.445366,
1624923223.000000,553447931.000000,0.019301,-0.889686,0.000000,0.000000,0.000000,-0.277527,0.960718,0.063660,0.000000,0.000000,0.000000,0.000000,-0.443278,
1624923223.000000,586447931.000000,0.021049,-0.890805,0.000000,0.000000,0.000000,-0.284166,0.958775,0.062893,0.000000,0.000000,0.000000,0.000000,-0.419205,
1624923223.000000,619447931.000000,0.022845,-0.891990,0.000000,0.000000,0.000000,-0.291116,0.956688,0.065194,0.000000,0.000000,0.000000,0.000000,-0.439817,
1624923223.000000,652447931.000000,0.024581,-0.893173,0.000000,0.000000,0.000000,-0.298171,0.954513,0.063660,0.000000,0.000000,0.000000,0.000000,-0.447411,
1624923223.000000,685447931.000000,0.026279,-0.894367,0.000000,0.000000,0.000000,-0.304723,0.952441,0.062893,0.000000,0.000000,0.000000,0.000000,-0.416510,
1624923223.000000,718447931.000000,0.028001,-0.895613,0.000000,0.000000,0.000000,-0.311539,0.950233,0.064427,0.000000,0.000000,0.000000,0.000000,-0.434211,
1624923223.000000,751447931.000000,0.029645,-0.896839,0.000000,0.000000,0.000000,-0.318501,0.947922,0.062126,0.000000,0.000000,0.000000,0.000000,-0.444593,
1624923223.000000,785447931.000000,0.031310,-0.898119,0.000000,0.000000,0.000000,-0.325075,0.945688,0.061788,0.000000,0.000000,0.000000,0.000000,-0.408404,
1624923223.000000,818447931.000000,0.032978,-0.899438,0.000000,0.000000,0.000000,-0.331921,0.943307,0.064427,0.000000,0.000000,0.000000,0.000000,-0.439319,
1624923223.000000,851447931.000000,0.034645,-0.900798,0.000000,0.000000,0.000000,-0.338942,0.940807,0.065194,0.000000,0.000000,0.000000,0.000000,-0.451637,
1624923223.000000,884447931.000000,0.036215,-0.902117,0.000000,0.000000,0.000000,-0.345624,0.938373,0.062126,0.000000,0.000000,0.000000,0.000000,-0.430996,
1624923223.000000,917447931.000000,0.037861,-0.903541,0.000000,0.000000,0.000000,-0.352407,0.935847,0.065961,0.000000,0.000000,0.000000,0.000000,-0.438734,
1624923223.000000,950447931.000000,0.039430,-0.904938,0.000000,0.000000,0.000000,-0.359366,0.933197,0.063660,0.000000,0.000000,0.000000,0.000000,-0.451297,
1624923223.000000,983447931.000000,0.040997,-0.906375,0.000000,0.000000,0.000000,-0.365965,0.930628,0.064427,0.000000,0.000000,0.000000,0.000000,-0.429161,
1624923224.000000,16447931.000000,0.042543,-0.907835,0.000000,0.000000,0.000000,-0.372756,0.927929,0.064427,0.000000,0.000000,0.000000,0.000000,-0.442873,
1624923224.000000,49447931.000000,0.044103,-0.909352,0.000000,0.000000,0.000000,-0.379759,0.925086,0.065961,0.000000,0.000000,0.000000,0.000000,-0.458074,
1624923224.000000,82447931.000000,0.045587,-0.910839,0.000000,0.000000,0.000000,-0.386354,0.922351,0.063660,0.000000,0.000000,0.000000,0.000000,-0.432723,
1624923224.000000,116447931.000000,0.047120,-0.912420,0.000000,0.000000,0.000000,-0.393088,0.919501,0.064766,0.000000,0.000000,0.000000,0.000000,-0.430107,
1624923224.000000,149447931.000000,0.048595,-0.913986,0.000000,0.000000,0.000000,-0.399972,0.916527,0.065194,0.000000,0.000000,0.000000,0.000000,-0.454491,
1624923224.000000,182447931.000000,0.050013,-0.915537,0.000000,0.000000,0.000000,-0.406533,0.913636,0.063660,0.000000,0.000000,0.000000,0.000000,-0.434558,
1624923224.000000,215447931.000000,0.051475,-0.917183,0.000000,0.000000,0.000000,-0.413218,0.910632,0.066728,0.000000,0.000000,0.000000,0.000000,-0.444130,
1624923224.000000,248447931.000000,0.052863,-0.918794,0.000000,0.000000,0.000000,-0.420074,0.907490,0.064427,0.000000,0.000000,0.000000,0.000000,-0.457121,
1624923224.000000,281447931.000000,0.054243,-0.920444,0.000000,0.000000,0.000000,-0.426646,0.904419,0.065194,0.000000,0.000000,0.000000,0.000000,-0.439600,
1624923224.000000,314447931.000000,0.055615,-0.922134,0.000000,0.000000,0.000000,-0.433334,0.901233,0.065961,0.000000,0.000000,0.000000,0.000000,-0.449007,
1624923224.000000,347447931.000000,0.056946,-0.923824,0.000000,0.000000,0.000000,-0.440077,0.897960,0.065194,0.000000,0.000000,0.000000,0.000000,-0.454238,
1624923224.000000,380447931.000000,0.058221,-0.925494,0.000000,0.000000,0.000000,-0.446445,0.894811,0.063660,0.000000,0.000000,0.000000,0.000000,-0.430562,
1624923224.000000,414447931.000000,0.059517,-0.927242,0.000000,0.000000,0.000000,-0.452904,0.891560,0.064021,0.000000,0.000000,0.000000,0.000000,-0.425346,
1624923224.000000,447447931.000000,0.060758,-0.928969,0.000000,0.000000,0.000000,-0.459537,0.888159,0.064427,0.000000,0.000000,0.000000,0.000000,-0.451760,
1624923224.000000,480447931.000000,0.061945,-0.930671,0.000000,0.000000,0.000000,-0.465728,0.884928,0.062893,0.000000,0.000000,0.000000,0.000000,-0.423236,
1624923224.000000,514447931.000000,0.063192,-0.932517,0.000000,0.000000,0.000000,-0.472687,0.881230,0.065510,0.000000,0.000000,0.000000,0.000000,-0.463598,
1624923224.000000,548447931.000000,0.064342,-0.934275,0.000000,0.000000,0.000000,-0.478713,0.877971,0.061788,0.000000,0.000000,0.000000,0.000000,-0.402962,
1624923224.000000,581447931.000000,0.065467,-0.936049,0.000000,0.000000,0.000000,-0.484834,0.874606,0.063660,0.000000,0.000000,0.000000,0.000000,-0.423323,
1624923224.000000,614447931.000000,0.066581,-0.937860,0.000000,0.000000,0.000000,-0.491014,0.871151,0.064427,0.000000,0.000000,0.000000,0.000000,-0.429132,
1624923224.000000,647447931.000000,0.067643,-0.939644,0.000000,0.000000,0.000000,-0.497468,0.867482,0.062893,0.000000,0.000000,0.000000,0.000000,-0.449903,
1624923224.000000,680447931.000000,0.068691,-0.941464,0.000000,0.000000,0.000000,-0.503521,0.863983,0.063660,0.000000,0.000000,0.000000,0.000000,-0.423742,
1624923224.000000,713447931.000000,0.069738,-0.943343,0.000000,0.000000,0.000000,-0.509638,0.860389,0.065194,0.000000,0.000000,0.000000,0.000000,-0.430006,
1624923224.000000,746447931.000000,0.070746,-0.945215,0.000000,0.000000,0.000000,-0.515943,0.856623,0.064427,0.000000,0.000000,0.000000,0.000000,-0.445077,
1624923224.000000,779447931.000000,0.071692,-0.947034,0.000000,0.000000,0.000000,-0.521968,0.852965,0.062126,0.000000,0.000000,0.000000,0.000000,-0.427210,
1624923224.000000,813447931.000000,0.072635,-0.948912,0.000000,0.000000,0.000000,-0.527905,0.849303,0.061788,0.000000,0.000000,0.000000,0.000000,-0.410332,
1624923224.000000,846447931.000000,0.073584,-0.950871,0.000000,0.000000,0.000000,-0.534141,0.845395,0.065961,0.000000,0.000000,0.000000,0.000000,-0.446016,
1624923224.000000,894408884.000000,0.074493,-0.952820,0.000000,0.000000,0.000000,-0.540483,0.841355,0.063277,0.000000,0.000000,0.000000,0.000000,-0.442316,
1624923224.000000,927408884.000000,0.075343,-0.954714,0.000000,0.000000,0.000000,-0.546360,0.837551,0.062893,0.000000,0.000000,0.000000,0.000000,-0.424269,
1624923224.000000,960408884.000000,0.076186,-0.956666,0.000000,0.000000,0.000000,-0.552456,0.833542,0.064427,0.000000,0.000000,0.000000,0.000000,-0.442187,
1624923224.000000,993408884.000000,0.077000,-0.958630,0.000000,0.000000,0.000000,-0.558388,0.829580,0.064427,0.000000,0.000000,0.000000,0.000000,-0.432354,
1624923225.000000,26408884.000000,0.077777,-0.960582,0.000000,0.000000,0.000000,-0.564181,0.825651,0.063660,0.000000,0.000000,0.000000,0.000000,-0.424219,
1624923225.000000,60408884.000000,0.078553,-0.962615,0.000000,0.000000,0.000000,-0.570239,0.821479,0.064021,0.000000,0.000000,0.000000,0.000000,-0.432702,
1624923225.000000,93408884.000000,0.079282,-0.964613,0.000000,0.000000,0.000000,-0.576190,0.817316,0.064427,0.000000,0.000000,0.000000,0.000000,-0.440171,
1624923225.000000,126408884.000000,0.079957,-0.966548,0.000000,0.000000,0.000000,-0.581878,0.813276,0.062126,0.000000,0.000000,0.000000,0.000000,-0.422767,
1624923225.000000,159408884.000000,0.080637,-0.968590,0.000000,0.000000,0.000000,-0.587847,0.808972,0.065194,0.000000,0.000000,0.000000,0.000000,-0.446038,
1624923225.000000,192408884.000000,0.081279,-0.970616,0.000000,0.000000,0.000000,-0.593675,0.804705,0.064427,0.000000,0.000000,0.000000,0.000000,-0.437751,
1624923225.000000,225408884.000000,0.081878,-0.972604,0.000000,0.000000,0.000000,-0.599251,0.800561,0.062893,0.000000,0.000000,0.000000,0.000000,-0.421018,
1624923225.000000,258408884.000000,0.082476,-0.974697,0.000000,0.000000,0.000000,-0.605104,0.796146,0.065961,0.000000,0.000000,0.000000,0.000000,-0.444354,
1624923225.000000,291408884.000000,0.083017,-0.976700,0.000000,0.000000,0.000000,-0.610944,0.791674,0.062893,0.000000,0.000000,0.000000,0.000000,-0.445828,
1624923225.000000,324408884.000000,0.083529,-0.978712,0.000000,0.000000,0.000000,-0.616432,0.787408,0.062893,0.000000,0.000000,0.000000,0.000000,-0.421221,
1624923225.000000,357408884.000000,0.084024,-0.980779,0.000000,0.000000,0.000000,-0.622088,0.782947,0.064427,0.000000,0.000000,0.000000,0.000000,-0.436581,
1624923225.000000,390408884.000000,0.084478,-0.982804,0.000000,0.000000,0.000000,-0.627794,0.778380,0.062893,0.000000,0.000000,0.000000,0.000000,-0.442975,
1624923225.000000,425408884.000000,0.084924,-0.984935,0.000000,0.000000,0.000000,-0.633409,0.773817,0.062192,0.000000,0.000000,0.000000,0.000000,-0.413438,
1624923225.000000,458408884.000000,0.085324,-0.986997,0.000000,0.000000,0.000000,-0.639025,0.769186,0.063660,0.000000,0.000000,0.000000,0.000000,-0.441161,
1624923225.000000,491408884.000000,0.085703,-0.989115,0.000000,0.000000,0.000000,-0.644716,0.764423,0.065194,0.000000,0.000000,0.000000,0.000000,-0.449773,
1624923225.000000,524408884.000000,0.086038,-0.991163,0.000000,0.000000,0.000000,-0.650042,0.759898,0.062893,0.000000,0.000000,0.000000,0.000000,-0.423533,
1624923225.000000,557408884.000000,0.086360,-0.993316,0.000000,0.000000,0.000000,-0.655599,0.755110,0.065961,0.000000,0.000000,0.000000,0.000000,-0.444578,
1624923225.000000,590408884.000000,0.086643,-0.995423,0.000000,0.000000,0.000000,-0.661206,0.750204,0.064427,0.000000,0.000000,0.000000,0.000000,-0.451543,
1624923225.000000,623408884.000000,0.086889,-0.997484,0.000000,0.000000,0.000000,-0.666466,0.745535,0.062893,0.000000,0.000000,0.000000,0.000000,-0.426242,
1624923225.000000,657408884.000000,0.087116,-0.999649,0.000000,0.000000,0.000000,-0.671924,0.740620,0.064021,0.000000,0.000000,0.000000,0.000000,-0.432043,
1624923225.000000,690408884.000000,0.087306,-1.001767,0.000000,0.000000,0.000000,-0.677448,0.735570,0.064427,0.000000,0.000000,0.000000,0.000000,-0.453638,
1624923225.000000,723408884.000000,0.087468,-1.003912,0.000000,0.000000,0.000000,-0.682684,0.730714,0.065194,0.000000,0.000000,0.000000,0.000000,-0.432788,
1624923225.000000,756408884.000000,0.087601,-1.006135,0.000000,0.000000,0.000000,-0.688540,0.725199,0.067495,0.000000,0.000000,0.000000,0.000000,-0.487523,
1624923225.000000,789408884.000000,0.087697,-1.008259,0.000000,0.000000,0.000000,-0.693535,0.720423,0.064427,0.000000,0.000000,0.000000,0.000000,-0.418815,
1624923225.000000,823408884.000000,0.087761,-1.010334,0.000000,0.000000,0.000000,-0.698648,0.715465,0.061043,0.000000,0.000000,0.000000,0.000000,-0.418993,
1624923225.000000,856408884.000000,0.087797,-1.012561,0.000000,0.000000,0.000000,-0.703946,0.710253,0.067495,0.000000,0.000000,0.000000,0.000000,-0.450423,
1624923225.000000,889408884.000000,0.087800,-1.014687,0.000000,0.000000,0.000000,-0.709277,0.704930,0.064427,0.000000,0.000000,0.000000,0.000000,-0.456535,
1624923225.000000,922408884.000000,0.087772,-1.016813,0.000000,0.000000,0.000000,-0.714289,0.699851,0.064427,0.000000,0.000000,0.000000,0.000000,-0.432455,
1624923225.000000,955408884.000000,0.087711,-1.019014,0.000000,0.000000,0.000000,-0.719438,0.694557,0.066728,0.000000,0.000000,0.000000,0.000000,-0.447591,
1624923225.000000,988408884.000000,0.087800,-1.016915,0.000000,0.000000,0.000000,0.724538,-0.689235,0.063660,0.000000,0.000000,0.000000,0.000000,189.952805,
1624923226.000000,21408884.000000,0.087679,-1.019012,0.000000,0.000000,0.000000,0.729739,-0.683726,0.063660,0.000000,0.000000,0.000000,0.000000,-0.459158,
1624923226.000000,54408884.000000,0.087521,-1.021209,0.000000,0.000000,0.000000,0.734417,-0.678698,0.066728,0.000000,0.000000,0.000000,0.000000,-0.416243,
1624923226.000000,87408884.000000,0.087338,-1.023327,0.000000,0.000000,0.000000,0.739418,-0.673247,0.064427,0.000000,0.000000,0.000000,0.000000,-0.448379,
1624923226.000000,121408884.000000,0.087130,-1.025392,0.000000,0.000000,0.000000,0.744075,-0.668097,0.061043,0.000000,0.000000,0.000000,0.000000,-0.408418,
1624923226.000000,154408884.000000,0.086882,-1.027529,0.000000,0.000000,0.000000,0.749337,-0.662189,0.065194,0.000000,0.000000,0.000000,0.000000,-0.479460,
1624923226.000000,187408884.000000,0.086606,-1.029637,0.000000,0.000000,0.000000,0.753796,-0.657109,0.064427,0.000000,0.000000,0.000000,0.000000,-0.409690,
1624923226.000000,220408884.000000,0.086309,-1.031691,0.000000,0.000000,0.000000,0.758269,-0.651942,0.062893,0.000000,0.000000,0.000000,0.000000,-0.414155,
1624923226.000000,254408884.000000,0.085971,-1.033816,0.000000,0.000000,0.000000,0.762935,-0.646475,0.063277,0.000000,0.000000,0.000000,0.000000,-0.422828,
1624923226.000000,287408884.000000,0.085615,-1.035861,0.000000,0.000000,0.000000,0.767672,-0.640843,0.062893,0.000000,0.000000,0.000000,0.000000,-0.446031,
1624923226.000000,320408884.000000,0.085226,-1.037925,0.000000,0.000000,0.000000,0.772071,-0.635536,0.063660,0.000000,0.000000,0.000000,0.000000,-0.417767,
1624923226.000000,353408884.000000,0.084797,-1.040033,0.000000,0.000000,0.000000,0.776592,-0.630004,0.065194,0.000000,0.000000,0.000000,0.000000,-0.432939,
1624923226.000000,386408884.000000,0.084349,-1.042086,0.000000,0.000000,0.000000,0.781194,-0.624288,0.063660,0.000000,0.000000,0.000000,0.000000,-0.444773,
1624923226.000000,419408884.000000,0.083883,-1.044082,0.000000,0.000000,0.000000,0.785497,-0.618865,0.062126,0.000000,0.000000,0.000000,0.000000,-0.419537,
1624923226.000000,452408884.000000,0.083365,-1.046170,0.000000,0.000000,0.000000,0.789870,-0.613274,0.065194,0.000000,0.000000,0.000000,0.000000,-0.430208,
1624923226.000000,485408884.000000,0.082823,-1.048226,0.000000,0.000000,0.000000,0.794375,-0.607428,0.064427,0.000000,0.000000,0.000000,0.000000,-0.447288,
1624923226.000000,518408884.000000,0.082265,-1.050225,0.000000,0.000000,0.000000,0.798573,-0.601898,0.062893,0.000000,0.000000,0.000000,0.000000,-0.420838,
1624923226.000000,552408884.000000,0.081665,-1.052265,0.000000,0.000000,0.000000,0.802818,-0.596225,0.062532,0.000000,0.000000,0.000000,0.000000,-0.416763,
1624923226.000000,585408884.000000,0.081043,-1.054272,0.000000,0.000000,0.000000,0.807132,-0.590371,0.063660,0.000000,0.000000,0.000000,0.000000,-0.440691,
1624923226.000000,618408884.000000,0.080385,-1.056293,0.000000,0.000000,0.000000,0.811231,-0.584726,0.064427,0.000000,0.000000,0.000000,0.000000,-0.422853,
1624923226.000000,653408884.000000,0.079673,-1.058377,0.000000,0.000000,0.000000,0.815579,-0.578645,0.062915,0.000000,0.000000,0.000000,0.000000,-0.427151,
1624923226.000000,686408884.000000,0.078956,-1.060379,0.000000,0.000000,0.000000,0.819801,-0.572649,0.064427,0.000000,0.000000,0.000000,0.000000,-0.444448,
1624923226.000000,719408884.000000,0.078201,-1.062393,0.000000,0.000000,0.000000,0.823854,-0.566802,0.065194,0.000000,0.000000,0.000000,0.000000,-0.431205,
1624923226.000000,752408884.000000,0.077436,-1.064350,0.000000,0.000000,0.000000,0.827834,-0.560973,0.063660,0.000000,0.000000,0.000000,0.000000,-0.427752,
1624923226.000000,785408884.000000,0.076634,-1.066319,0.000000,0.000000,0.000000,0.831918,-0.554899,0.064427,0.000000,0.000000,0.000000,0.000000,-0.443567,
1624923226.000000,818408884.000000,0.075813,-1.068252,0.000000,0.000000,0.000000,0.835854,-0.548952,0.063660,0.000000,0.000000,0.000000,0.000000,-0.432238,
1624923226.000000,851408884.000000,0.074965,-1.070174,0.000000,0.000000,0.000000,0.839710,-0.543035,0.063660,0.000000,0.000000,0.000000,0.000000,-0.428034,
1624923226.000000,885408884.000000,0.074056,-1.072152,0.000000,0.000000,0.000000,0.844064,-0.536242,0.064021,0.000000,0.000000,0.000000,0.000000,-0.474635,
1624923226.000000,918408884.000000,0.073162,-1.074025,0.000000,0.000000,0.000000,0.847572,-0.530680,0.062893,0.000000,0.000000,0.000000,0.000000,-0.398499,
1624923226.000000,951408884.000000,0.072209,-1.075954,0.000000,0.000000,0.000000,0.851271,-0.524727,0.065194,0.000000,0.000000,0.000000,0.000000,-0.424797,
1624923226.000000,985408884.000000,0.071251,-1.077824,0.000000,0.000000,0.000000,0.855059,-0.518531,0.061788,0.000000,0.000000,0.000000,0.000000,-0.427190,
1624923227.000000,18408884.000000,0.070278,-1.079657,0.000000,0.000000,0.000000,0.858754,-0.512387,0.062893,0.000000,0.000000,0.000000,0.000000,-0.434493,
1624923227.000000,51408884.000000,0.069280,-1.081477,0.000000,0.000000,0.000000,0.862311,-0.506378,0.062893,0.000000,0.000000,0.000000,0.000000,-0.423200,
1624923227.000000,84408884.000000,0.068218,-1.083348,0.000000,0.000000,0.000000,0.866009,-0.500028,0.065194,0.000000,0.000000,0.000000,0.000000,-0.445380,
1624923227.000000,117408884.000000,0.067155,-1.085160,0.000000,0.000000,0.000000,0.869612,-0.493735,0.063660,0.000000,0.000000,0.000000,0.000000,-0.439470,
1624923227.000000,152408884.000000,0.065999,-1.087064,0.000000,0.000000,0.000000,0.873213,-0.487340,0.063638,0.000000,0.000000,0.000000,0.000000,-0.419392,
1624923227.000000,185408884.000000,0.064870,-1.088865,0.000000,0.000000,0.000000,0.876792,-0.480870,0.064427,0.000000,0.000000,0.000000,0.000000,-0.448133,
1624923227.000000,218408884.000000,0.063714,-1.090650,0.000000,0.000000,0.000000,0.880258,-0.474495,0.064427,0.000000,0.000000,0.000000,0.000000,-0.439731,
1624923227.000000,251408884.000000,0.062547,-1.092397,0.000000,0.000000,0.000000,0.883582,-0.468276,0.063660,0.000000,0.000000,0.000000,0.000000,-0.427427,
1624923227.000000,284408884.000000,0.061311,-1.094189,0.000000,0.000000,0.000000,0.887053,-0.461668,0.065961,0.000000,0.000000,0.000000,0.000000,-0.452316,
1624923227.000000,317408884.000000,0.060079,-1.095921,0.000000,0.000000,0.000000,0.890434,-0.455113,0.064427,0.000000,0.000000,0.000000,0.000000,-0.447042,
1624923227.000000,351408884.000000,0.058791,-1.097676,0.000000,0.000000,0.000000,0.893665,-0.448735,0.064021,0.000000,0.000000,0.000000,0.000000,-0.420584,
1624923227.000000,371077989.000000,0.057478,-1.099412,0.000000,0.000000,0.000000,0.896995,-0.442042,0.065961,0.000000,0.000000,0.000000,0.000000,-0.453060,
1624923227.000000,404077989.000000,0.056170,-1.101089,0.000000,0.000000,0.000000,0.900232,-0.435411,0.064427,0.000000,0.000000,0.000000,0.000000,-0.447223,
1624923227.000000,437077989.000000,0.054807,-1.102785,0.000000,0.000000,0.000000,0.903329,-0.428949,0.065961,0.000000,0.000000,0.000000,0.000000,-0.434254,
1624923227.000000,470077989.000000,0.053419,-1.104462,0.000000,0.000000,0.000000,0.906515,-0.422174,0.065961,0.000000,0.000000,0.000000,0.000000,-0.453797,
1624923227.000000,503077989.000000,0.052055,-1.106060,0.000000,0.000000,0.000000,0.909596,-0.415493,0.063660,0.000000,0.000000,0.000000,0.000000,-0.445864,
1624923227.000000,536077989.000000,0.050651,-1.107657,0.000000,0.000000,0.000000,0.912541,-0.408986,0.064427,0.000000,0.000000,0.000000,0.000000,-0.432896,
1624923227.000000,570077989.000000,0.049157,-1.109308,0.000000,0.000000,0.000000,0.915571,-0.402156,0.065510,0.000000,0.000000,0.000000,0.000000,-0.439525,
1624923227.000000,603077989.000000,0.047724,-1.110845,0.000000,0.000000,0.000000,0.918486,-0.395453,0.063660,0.000000,0.000000,0.000000,0.000000,-0.442982,
1624923227.000000,636077989.000000,0.046287,-1.112343,0.000000,0.000000,0.000000,0.921235,-0.389006,0.062893,0.000000,0.000000,0.000000,0.000000,-0.424797,
1624923227.000000,669077989.000000,0.044740,-1.113909,0.000000,0.000000,0.000000,0.924117,-0.382110,0.066728,0.000000,0.000000,0.000000,0.000000,-0.452959,
1624923227.000000,702077989.000000,0.043223,-1.115399,0.000000,0.000000,0.000000,0.927073,-0.374882,0.064427,0.000000,0.000000,0.000000,0.000000,-0.473261,
1624923227.000000,735077989.000000,0.041722,-1.116832,0.000000,0.000000,0.000000,0.929446,-0.368959,0.062893,0.000000,0.000000,0.000000,0.000000,-0.386672,
1624923227.000000,768077989.000000,0.040164,-1.118279,0.000000,0.000000,0.000000,0.932116,-0.362159,0.064427,0.000000,0.000000,0.000000,0.000000,-0.442779,
1624923227.000000,801077989.000000,0.038585,-1.119703,0.000000,0.000000,0.000000,0.934727,-0.355366,0.064427,0.000000,0.000000,0.000000,0.000000,-0.441074,
1624923227.000000,835077989.000000,0.037024,-1.121071,0.000000,0.000000,0.000000,0.937151,-0.348923,0.061043,0.000000,0.000000,0.000000,0.000000,-0.404947,
1624923227.000000,870077989.000000,0.035270,-1.122564,0.000000,0.000000,0.000000,0.939802,-0.341720,0.065808,0.000000,0.000000,0.000000,0.000000,-0.438554,
1624923227.000000,903077989.000000,0.033670,-1.123886,0.000000,0.000000,0.000000,0.942252,-0.334904,0.062893,0.000000,0.000000,0.000000,0.000000,-0.439001,
1624923227.000000,936077989.000000,0.032051,-1.125185,0.000000,0.000000,0.000000,0.944519,-0.328457,0.062893,0.000000,0.000000,0.000000,0.000000,-0.414191,
1624923227.000000,969077989.000000,0.030334,-1.126523,0.000000,0.000000,0.000000,0.946889,-0.321560,0.065961,0.000000,0.000000,0.000000,0.000000,-0.441999,
1624923228.000000,2077989.000000,0.028659,-1.127790,0.000000,0.000000,0.000000,0.949197,-0.314683,0.063660,0.000000,0.000000,0.000000,0.000000,-0.439586,
1624923228.000000,35077989.000000,0.027006,-1.129003,0.000000,0.000000,0.000000,0.951330,-0.308175,0.062126,0.000000,0.000000,0.000000,0.000000,-0.415087,
1624923228.000000,68077989.000000,0.025255,-1.130252,0.000000,0.000000,0.000000,0.953530,-0.301297,0.065194,0.000000,0.000000,0.000000,0.000000,-0.437643,
1624923228.000000,101077989.000000,0.023547,-1.131432,0.000000,0.000000,0.000000,0.955712,-0.294304,0.062893,0.000000,0.000000,0.000000,0.000000,-0.443972,
1624923228.000000,135077989.000000,0.021802,-1.132602,0.000000,0.000000,0.000000,0.957705,-0.287753,0.061788,0.000000,0.000000,0.000000,0.000000,-0.402780,
1624923228.000000,168077989.000000,0.020020,-1.133761,0.000000,0.000000,0.000000,0.959753,-0.280846,0.064427,0.000000,0.000000,0.000000,0.000000,-0.436646,
1624923228.000000,201077989.000000,0.018199,-1.134907,0.000000,0.000000,0.000000,0.961939,-0.273266,0.065194,0.000000,0.000000,0.000000,0.000000,-0.478109,
1624923228.000000,234077989.000000,0.016426,-1.135986,0.000000,0.000000,0.000000,0.963660,-0.267133,0.062893,0.000000,0.000000,0.000000,0.000000,-0.386057,
1624923228.000000,267077989.000000,0.014574,-1.137081,0.000000,0.000000,0.000000,0.965561,-0.260178,0.065194,0.000000,0.000000,0.000000,0.000000,-0.436963,
1624923228.000000,300077989.000000,0.012750,-1.138123,0.000000,0.000000,0.000000,0.967459,-0.253027,0.063660,0.000000,0.000000,0.000000,0.000000,-0.448436,
1624923228.000000,334077989.000000,0.010867,-1.139163,0.000000,0.000000,0.000000,0.969206,-0.246253,0.063277,0.000000,0.000000,0.000000,0.000000,-0.411510,
1624923228.000000,367077989.000000,0.009013,-1.140152,0.000000,0.000000,0.000000,0.970952,-0.239276,0.063660,0.000000,0.000000,0.000000,0.000000,-0.435887,
1624923228.000000,402077989.000000,0.007011,-1.141183,0.000000,0.000000,0.000000,0.972775,-0.231750,0.064361,0.000000,0.000000,0.000000,0.000000,-0.442464,
1624923228.000000,435077989.000000,0.005129,-1.142118,0.000000,0.000000,0.000000,0.974369,-0.224954,0.063660,0.000000,0.000000,0.000000,0.000000,-0.423070,
1624923228.000000,468077989.000000,0.003211,-1.143036,0.000000,0.000000,0.000000,0.975959,-0.217952,0.064427,0.000000,0.000000,0.000000,0.000000,-0.435179,
1624923228.000000,501077989.000000,0.001304,-1.143916,0.000000,0.000000,0.000000,0.977540,-0.210751,0.063660,0.000000,0.000000,0.000000,0.000000,-0.446818,
1624923228.000000,534077989.000000,-0.000616,-1.144768,0.000000,0.000000,0.000000,0.978988,-0.203916,0.063660,0.000000,0.000000,0.000000,0.000000,-0.423468,
1624923228.000000,567077989.000000,-0.002548,-1.145593,0.000000,0.000000,0.000000,0.980409,-0.196975,0.063660,0.000000,0.000000,0.000000,0.000000,-0.429363,
1624923228.000000,600077989.000000,-0.004469,-1.146380,0.000000,0.000000,0.000000,0.981825,-0.189789,0.062893,0.000000,0.000000,0.000000,0.000000,-0.443888,
1624923228.000000,634077989.000000,-0.006424,-1.147150,0.000000,0.000000,0.000000,0.983126,-0.182932,0.061788,0.000000,0.000000,0.000000,0.000000,-0.410557,
1624923228.000000,667077989.000000,-0.008436,-1.147909,0.000000,0.000000,0.000000,0.984415,-0.175859,0.065194,0.000000,0.000000,0.000000,0.000000,-0.435714,
1624923228.000000,700077989.000000,-0.010413,-1.148622,0.000000,0.000000,0.000000,0.985690,-0.168569,0.063660,0.000000,0.000000,0.000000,0.000000,-0.448559,
1624923228.000000,733077989.000000,-0.012399,-1.149306,0.000000,0.000000,0.000000,0.986867,-0.161533,0.063660,0.000000,0.000000,0.000000,0.000000,-0.432332,
1624923228.000000,766077989.000000,-0.014419,-1.149969,0.000000,0.000000,0.000000,0.988009,-0.154397,0.064427,0.000000,0.000000,0.000000,0.000000,-0.438004,
1624923228.000000,799077989.000000,-0.016473,-1.150610,0.000000,0.000000,0.000000,0.989125,-0.147080,0.065194,0.000000,0.000000,0.000000,0.000000,-0.448585,
1624923228.000000,832077989.000000,-0.018487,-1.151207,0.000000,0.000000,0.000000,0.990148,-0.140025,0.063660,0.000000,0.000000,0.000000,0.000000,-0.431996,
1624923228.000000,867077989.000000,-0.020632,-1.151807,0.000000,0.000000,0.000000,0.991254,-0.131971,0.063638,0.000000,0.000000,0.000000,0.000000,-0.464586,
1624923228.000000,900077989.000000,-0.022761,-1.152369,0.000000,0.000000,0.000000,0.992142,-0.125115,0.066728,0.000000,0.000000,0.000000,0.000000,-0.418963,
1624923228.000000,933077989.000000,-0.024800,-1.152876,0.000000,0.000000,0.000000,0.993015,-0.117987,0.063660,0.000000,0.000000,0.000000,0.000000,-0.435230,
1624923228.000000,966077989.000000,-0.026895,-1.153365,0.000000,0.000000,0.000000,0.993845,-0.110779,0.065194,0.000000,0.000000,0.000000,0.000000,-0.439749,
1624923229.000000,77989.000000,-0.028997,-1.153823,0.000000,0.000000,0.000000,0.994648,-0.103324,0.063277,0.000000,0.000000,0.000000,0.000000,-0.441036,
1624923229.000000,33077989.000000,-0.031105,-1.154250,0.000000,0.000000,0.000000,0.995366,-0.096161,0.065194,0.000000,0.000000,0.000000,0.000000,-0.436302,
1624923229.000000,66077989.000000,-0.033245,-1.154651,0.000000,0.000000,0.000000,0.996044,-0.088864,0.065961,0.000000,0.000000,0.000000,0.000000,-0.444167,
1624923229.000000,99077989.000000,-0.035390,-1.155020,0.000000,0.000000,0.000000,0.996678,-0.081439,0.065961,0.000000,0.000000,0.000000,0.000000,-0.451623,
1624923229.000000,132077989.000000,-0.037415,-1.155338,0.000000,0.000000,0.000000,0.997241,-0.074230,0.062126,0.000000,0.000000,0.000000,0.000000,-0.438260,
1624923229.000000,165077989.000000,-0.039596,-1.155648,0.000000,0.000000,0.000000,0.997754,-0.066989,0.066728,0.000000,0.000000,0.000000,0.000000,-0.439926,
1624923229.000000,198077989.000000,-0.041805,-1.155930,0.000000,0.000000,0.000000,0.998231,-0.059462,0.067495,0.000000,0.000000,0.000000,0.000000,-0.457121,
1624923229.000000,231077989.000000,-0.043842,-1.156158,0.000000,0.000000,0.000000,0.998632,-0.052298,0.062126,0.000000,0.000000,0.000000,0.000000,-0.434850,
1624923229.000000,264077989.000000,-0.045958,-1.156365,0.000000,0.000000,0.000000,0.998980,-0.045165,0.064427,0.000000,0.000000,0.000000,0.000000,-0.432845,
1624923229.000000,297077989.000000,-0.048128,-1.156546,0.000000,0.000000,0.000000,0.999288,-0.037720,0.065961,0.000000,0.000000,0.000000,0.000000,-0.451601,
1624923229.000000,330077989.000000,-0.050122,-1.156682,0.000000,0.000000,0.000000,0.999527,-0.030764,0.060592,0.000000,0.000000,0.000000,0.000000,-0.421795,
1624923229.000000,363077989.000000,-0.052220,-1.156797,0.000000,0.000000,0.000000,0.999717,-0.023793,0.063660,0.000000,0.000000,0.000000,0.000000,-0.422662,
1624923229.000000,396077989.000000,-0.054370,-1.156883,0.000000,0.000000,0.000000,0.999865,-0.016454,0.065194,0.000000,0.000000,0.000000,0.000000,-0.444857,
1624923229.000000,429077989.000000,-0.056445,-1.156937,0.000000,0.000000,0.000000,0.999956,-0.009329,0.062893,0.000000,0.000000,0.000000,0.000000,-0.431848,
1624923229.000000,462077989.000000,-0.058545,-1.156962,0.000000,0.000000,0.000000,0.999997,-0.002343,0.063660,0.000000,0.000000,0.000000,0.000000,-0.423406,
1624923229.000000,495077989.000000,-0.060722,-1.156956,0.000000,0.000000,0.000000,0.999987,0.005006,0.065961,0.000000,0.000000,0.000000,0.000000,-0.445388,
1624923229.000000,528077989.000000,-0.062797,-1.156920,0.000000,0.000000,0.000000,0.999926,0.012200,0.062893,0.000000,0.000000,0.000000,0.000000,-0.436017,
1624923229.000000,561077989.000000,-0.064922,-1.156853,0.000000,0.000000,0.000000,0.999817,0.019144,0.064427,0.000000,0.000000,0.000000,0.000000,-0.420942,
1624923229.000000,594077989.000000,-0.067046,-1.156757,0.000000,0.000000,0.000000,0.999653,0.026354,0.064427,0.000000,0.000000,0.000000,0.000000,-0.437043,
1624923229.000000,628077989.000000,-0.069143,-1.156631,0.000000,0.000000,0.000000,0.999438,0.033513,0.061788,0.000000,0.000000,0.000000,0.000000,-0.421296,
1624923229.000000,661077989.000000,-0.071188,-1.156479,0.000000,0.000000,0.000000,0.999182,0.040435,0.062126,0.000000,0.000000,0.000000,0.000000,-0.419801,
1624923229.000000,694077989.000000,-0.073356,-1.156288,0.000000,0.000000,0.000000,0.998862,0.047690,0.065961,0.000000,0.000000,0.000000,0.000000,-0.440142,
