1635435639.310548,0.000000,0.608791,1.986334,0.267849,-0.019630,0.012891,-0.984835,-0.171897,
1635435639.316169,0.000000,0.608776,1.986316,0.267861,-0.019634,0.012941,-0.984836,-0.171886,
1635435639.321651,0.000000,0.608774,1.986328,0.267859,-0.019641,0.012947,-0.984833,-0.171904,
1635435639.327227,0.000000,0.608802,1.986414,0.267791,-0.019331,0.012893,-0.984795,-0.172159,
1635435639.332776,0.000000,0.608773,1.986323,0.267863,-0.019606,0.012964,-0.984832,-0.171909,
1635435639.338315,0.000000,0.608774,1.986332,0.267849,-0.019620,0.012928,-0.984834,-0.171902,
1635435639.343831,0.000000,0.608776,1.986309,0.267867,-0.019668,0.012984,-0.984836,-0.171881,
1635435639.349419,0.000000,0.608781,1.986345,0.267834,-0.019604,0.012915,-0.984828,-0.171939,
1635435639.354973,0.000000,0.608770,1.986321,0.267854,-0.019648,0.012946,-0.984837,-0.171876,
1635435639.360532,0.000000,0.608758,1.986313,0.267872,-0.019658,0.012997,-0.984842,-0.171843,
1635435639.410556,0.000000,0.608761,1.986325,0.267860,-0.019804,0.012916,-0.984864,-0.171711,
1635435639.416084,0.000000,0.608658,1.986355,0.267866,-0.019826,0.012934,-0.984893,-0.171537,
1635435639.421663,0.000000,0.608454,1.986360,0.267909,-0.019904,0.012990,-0.984963,-0.171124,
1635435639.427215,0.000000,0.608153,1.986386,0.267932,-0.020025,0.012910,-0.985057,-0.170574,
1635435639.432769,0.000000,0.607777,1.986987,0.267496,-0.018100,0.012616,-0.984903,-0.171698,
1635435639.438327,0.000000,0.607293,1.987052,0.267485,-0.018103,0.012546,-0.985025,-0.170998,
1635435639.443868,0.000000,0.606671,1.987175,0.267429,-0.018114,0.012388,-0.985189,-0.170063,
1635435639.449490,0.000000,0.605867,1.987306,0.267379,-0.018394,0.012162,-0.985433,-0.168631,
1635435639.454977,0.000000,0.605015,1.987391,0.267433,-0.018570,0.012262,-0.985670,-0.167209,
1635435639.460600,0.000000,0.604111,1.987488,0.267484,-0.018631,0.012325,-0.985913,-0.165764,
1635435639.510534,0.000000,0.595736,1.989047,0.267789,-0.019137,0.012547,-0.987988,-0.152824,
1635435639.516086,0.000000,0.594740,1.989126,0.267860,-0.019046,0.012658,-0.988197,-0.151471,
1635435639.521647,0.000000,0.593796,1.989961,0.267304,-0.017029,0.012142,-0.988184,-0.151840,
1635435639.527199,0.000000,0.592949,1.990248,0.267227,-0.017030,0.011950,-0.988378,-0.150584,
1635435639.532749,0.000000,0.592031,1.990479,0.267165,-0.017428,0.011703,-0.988629,-0.148902,
1635435639.538311,0.000000,0.591002,1.990520,0.267294,-0.017737,0.011947,-0.988883,-0.147147,
1635435639.543867,0.000000,0.590048,1.990528,0.267465,-0.017891,0.012338,-0.989113,-0.145546,
1635435639.549423,0.000000,0.588982,1.990658,0.267419,-0.017468,0.012382,-0.989339,-0.144046,
1635435639.554978,0.000000,0.588093,1.990794,0.267471,-0.017583,0.012437,-0.989531,-0.142709,
1635435639.560530,0.000000,0.587221,1.991121,0.267343,-0.016776,0.012370,-0.989638,-0.142067,
1635435639.610538,0.000000,0.579141,1.992729,0.266952,-0.016326,0.011553,-0.991270,-0.130322,
1635435639.616103,0.000000,0.578097,1.992850,0.266977,-0.016645,0.011456,-0.991520,-0.128376,
1635435639.621650,0.000000,0.577121,1.992909,0.267059,-0.016934,0.011511,-0.991731,-0.126690,
1635435639.627205,0.000000,0.576262,1.992884,0.267226,-0.017037,0.011831,-0.991902,-0.125297,
1635435639.632778,0.000000,0.575467,1.992925,0.267353,-0.017248,0.011951,-0.992068,-0.123938,
1635435639.638309,0.000000,0.574673,1.993004,0.267379,-0.017437,0.011836,-0.992227,-0.122647,
1635435639.643903,0.000000,0.573825,1.993034,0.267466,-0.017572,0.011972,-0.992377,-0.121390,
1635435639.649417,0.000000,0.572897,1.993233,0.267347,-0.017453,0.011631,-0.992558,-0.119950,
1635435639.654976,0.000000,0.571980,1.993330,0.267322,-0.017510,0.011477,-0.992729,-0.118535,
1635435639.660527,0.000000,0.571070,1.993612,0.267150,-0.016639,0.011514,-0.992815,-0.117936,
1635435639.710611,0.000000,0.562714,1.994823,0.267205,-0.016966,0.011322,-0.994257,-0.105059,
1635435639.716111,0.000000,0.561900,1.994794,0.267345,-0.017466,0.011431,-0.994418,-0.103427,
1635435639.721638,0.000000,0.560963,1.994696,0.267499,-0.018116,0.011480,-0.994612,-0.101426,
1635435639.727196,0.000000,0.560115,1.994818,0.267463,-0.018157,0.011260,-0.994741,-0.100168,
1635435639.732761,0.000000,0.559288,1.995062,0.267307,-0.018183,0.010746,-0.994866,-0.098969,
1635435639.738315,0.000000,0.558365,1.995109,0.267334,-0.018219,0.010827,-0.995000,-0.097602,
1635435639.743855,0.000000,0.557465,1.995132,0.267409,-0.018507,0.010845,-0.995143,-0.096075,
1635435639.749424,0.000000,0.556553,1.995300,0.267375,-0.017637,0.011187,-0.995201,-0.095599,
1635435639.754978,0.000000,0.555501,1.995566,0.267206,-0.017221,0.010911,-0.995335,-0.094303,
1635435639.760537,0.000000,0.554472,1.995767,0.267081,-0.017308,0.010510,-0.995501,-0.092565,
1635435639.810543,0.000000,0.546529,1.995754,0.267735,-0.019538,0.010854,-0.996623,-0.079018,
1635435639.816091,0.000000,0.545620,1.996333,0.267298,-0.017820,0.010603,-0.996637,-0.079273,
1635435639.821644,0.000000,0.544697,1.996506,0.267171,-0.017665,0.010231,-0.996742,-0.078032,
1635435639.827207,0.000000,0.543632,1.996537,0.267155,-0.018003,0.010005,-0.996896,-0.075988,
1635435639.832752,0.000000,0.542644,1.996501,0.267259,-0.018143,0.010242,-0.997009,-0.074422,
1635435639.838377,0.000000,0.541687,1.996549,0.267273,-0.018402,0.010150,-0.997126,-0.072788,
1635435639.843874,0.000000,0.540737,1.996628,0.267244,-0.018400,0.010104,-0.997229,-0.071367,
1635435639.849422,0.000000,0.539832,1.996639,0.267293,-0.018550,0.010153,-0.997323,-0.070001,
1635435639.855021,0.000000,0.538934,1.996533,0.267441,-0.018723,0.010317,-0.997419,-0.068538,
1635435639.860560,0.000000,0.538098,1.996518,0.267535,-0.019095,0.010300,-0.997511,-0.067084,
1635435639.910605,0.000000,0.529877,1.996873,0.267185,-0.017928,0.009930,-0.998242,-0.055622,
1635435639.916151,0.000000,0.528833,1.996730,0.267263,-0.018058,0.009978,-0.998335,-0.053859,
1635435639.921712,0.000000,0.527865,1.996798,0.267231,-0.018250,0.009950,-0.998412,-0.052364,
1635435639.927272,0.000000,0.527026,1.996787,0.267285,-0.018691,0.009877,-0.998479,-0.050924,
1635435639.932824,0.000000,0.526231,1.996662,0.267464,-0.018860,0.010175,-0.998529,-0.049797,
1635435639.938382,0.000000,0.525465,1.996718,0.267509,-0.018948,0.010137,-0.998580,-0.048756,
1635435639.943930,0.000000,0.524330,1.996798,0.267281,-0.018072,0.009955,-0.998666,-0.047343,
1635435639.949489,0.000000,0.523518,1.996796,0.267304,-0.018106,0.009985,-0.998716,-0.046237,
1635435639.955039,0.000000,0.522611,1.996556,0.267411,-0.018405,0.010273,-0.998783,-0.044592,
1635435639.960596,0.000000,0.521629,1.996365,0.267511,-0.018547,0.010492,-0.998846,-0.043046,
1635435640.010603,0.000000,0.512894,1.996518,0.267146,-0.017405,0.009904,-0.999314,-0.031155,
1635435640.016156,0.000000,0.512028,1.996403,0.267242,-0.017614,0.009870,-0.999357,-0.029623,
1635435640.021706,0.000000,0.511270,1.996324,0.267284,-0.017750,0.009833,-0.999389,-0.028468,
1635435640.027272,0.000000,0.510395,1.996238,0.267256,-0.017801,0.009760,-0.999429,-0.027004,
1635435640.032819,0.000000,0.509372,1.995945,0.267318,-0.018244,0.009559,-0.999480,-0.024821,
1635435640.038373,0.000000,0.508480,1.996055,0.267199,-0.017931,0.009545,-0.999508,-0.023904,
1635435640.043937,0.000000,0.507453,1.996119,0.267074,-0.017518,0.009389,-0.999546,-0.022649,
1635435640.049490,0.000000,0.506402,1.996012,0.267048,-0.016615,0.009800,-0.999577,-0.021752,
1635435640.055043,0.000000,0.505458,1.995985,0.267027,-0.016666,0.009700,-0.999609,-0.020239,
1635435640.060591,0.000000,0.504444,1.995952,0.266990,-0.016698,0.009673,-0.999638,-0.018733,
1635435640.110572,0.000000,0.496422,1.995294,0.267016,-0.016810,0.009390,-0.999793,-0.006581,
1635435640.116151,0.000000,0.495586,1.995299,0.266968,-0.017129,0.009130,-0.999798,-0.005151,
1635435640.121679,0.000000,0.494723,1.995238,0.266951,-0.017183,0.008988,-0.999805,-0.003851,
1635435640.127246,0.000000,0.493751,1.995142,0.267040,-0.017493,0.008990,-0.999804,-0.002112,
1635435640.132805,0.000000,0.492702,1.994938,0.267092,-0.017734,0.009045,-0.999802,-0.000344,
1635435640.138371,0.000000,0.491817,1.994879,0.267159,-0.017995,0.009010,-0.999797,0.000850,
1635435640.143919,0.000000,0.490742,1.994750,0.267037,-0.017571,0.008961,-0.999803,0.002373,
1635435640.149466,0.000000,0.489685,1.995113,0.266626,-0.015417,0.009266,-0.999836,0.002085,
1635435640.155018,0.000000,0.488852,1.995041,0.266696,-0.015662,0.009297,-0.999828,0.003514,
1635435640.160585,0.000000,0.488133,1.994926,0.266825,-0.016302,0.009240,-0.999812,0.004939,
1635435640.210613,0.000000,0.480201,1.994235,0.266563,-0.016310,0.007729,-0.999692,0.017042,
1635435640.216159,0.000000,0.479361,1.993884,0.266849,-0.016958,0.008225,-0.999649,0.018612,
1635435640.221711,0.000000,0.478396,1.993666,0.266904,-0.016477,0.008747,-0.999634,0.019573,
1635435640.227347,0.000000,0.477439,1.993452,0.266962,-0.016574,0.008794,-0.999597,0.021303,
1635435640.232841,0.000000,0.476651,1.993415,0.267014,-0.017068,0.008902,-0.999555,0.022794,
1635435640.238418,0.000000,0.475795,1.993315,0.266971,-0.016851,0.008854,-0.999530,0.024014,
1635435640.243967,0.000000,0.474999,1.993224,0.266977,-0.016890,0.008672,-0.999503,0.025167,
1635435640.249499,0.000000,0.474305,1.992865,0.267279,-0.017871,0.008849,-0.999442,0.026801,
1635435640.255074,0.000000,0.473482,1.992648,0.267322,-0.017924,0.009046,-0.999406,0.028022,
1635435640.260609,0.000000,0.472637,1.992486,0.267261,-0.017733,0.008911,-0.999378,0.029156,
1635435640.310608,0.000000,0.464119,1.991372,0.267036,-0.017120,0.008660,-0.998960,0.041372,
1635435640.316162,0.000000,0.463338,1.991091,0.267195,-0.017656,0.008705,-0.998882,0.042984,
1635435640.321717,0.000000,0.462549,1.990820,0.267303,-0.018152,0.008649,-0.998802,0.044620,
1635435640.327279,0.000000,0.461874,1.990552,0.267474,-0.018877,0.008629,-0.998726,0.045991,
1635435640.332834,0.000000,0.460960,1.990397,0.267314,-0.018379,0.008473,-0.998685,0.047113,
1635435640.338375,0.000000,0.460020,1.990072,0.267334,-0.018300,0.008635,-0.998612,0.048620,
1635435640.343948,0.000000,0.459079,1.989790,0.267384,-0.018268,0.008791,-0.998535,0.050165,
1635435640.349493,0.000000,0.458125,1.989805,0.267217,-0.017866,0.008648,-0.998491,0.051213,
1635435640.355042,0.000000,0.457216,1.989629,0.267201,-0.017868,0.008540,-0.998425,0.052488,
1635435640.360674,0.000000,0.456214,1.989522,0.267086,-0.017765,0.008190,-0.998355,0.053904,
1635435640.405058,0.000000,0.449241,1.988050,0.267191,-0.018863,0.007750,-0.997659,0.065279,
1635435640.410604,0.000000,0.448365,1.987602,0.267292,-0.018573,0.008199,-0.997581,0.066482,
1635435640.416144,0.000000,0.447424,1.987309,0.267239,-0.018211,0.008275,-0.997501,0.067754,
1635435640.421711,0.000000,0.446555,1.987175,0.267159,-0.018110,0.008231,-0.997420,0.068979,
1635435640.427265,0.000000,0.445588,1.987099,0.267019,-0.017478,0.008191,-0.997372,0.069838,
1635435640.432845,0.000000,0.444595,1.987088,0.266862,-0.017345,0.007698,-0.997292,0.071055,
1635435640.438379,0.000000,0.443607,1.986869,0.266845,-0.017515,0.007583,-0.997170,0.072711,
1635435640.443932,0.000000,0.442584,1.986607,0.266835,-0.017317,0.007922,-0.997071,0.074076,
1635435640.449476,0.000000,0.441575,1.986244,0.266859,-0.017388,0.007978,-0.996939,0.075806,
1635435640.455038,0.000000,0.440696,1.985934,0.266928,-0.017357,0.008183,-0.996839,0.077095,
1635435640.510601,0.000000,0.432025,1.983475,0.266817,-0.017975,0.007453,-0.995648,0.091145,
1635435640.516177,0.000000,0.431024,1.983351,0.266668,-0.017478,0.007416,-0.995575,0.092029,
1635435640.521706,0.000000,0.429961,1.982618,0.266942,-0.017366,0.008310,-0.995412,0.093721,
1635435640.527262,0.000000,0.429038,1.982456,0.266874,-0.017124,0.008279,-0.995306,0.094888,
1635435640.532820,0.000000,0.428151,1.982280,0.266814,-0.017064,0.008044,-0.995182,0.096209,
1635435640.538385,0.000000,0.427361,1.981938,0.266947,-0.017074,0.008214,-0.995066,0.097392,
1635435640.543932,0.000000,0.426555,1.981752,0.266974,-0.017543,0.007985,-0.994904,0.098964,
1635435640.549495,0.000000,0.425764,1.981407,0.267037,-0.017837,0.007825,-0.994742,0.100543,
1635435640.555049,0.000000,0.424966,1.980962,0.267166,-0.018235,0.007965,-0.994558,0.102262,
1635435640.560603,0.000000,0.424096,1.980676,0.267091,-0.018076,0.007908,-0.994419,0.103640,
1635435640.610597,0.000000,0.416037,1.978386,0.266861,-0.017533,0.007468,-0.993108,0.115646,
1635435640.616234,0.000000,0.415294,1.978044,0.266990,-0.017974,0.007476,-0.992917,0.117203,
1635435640.621775,0.000000,0.414545,1.977504,0.267214,-0.018265,0.007837,-0.992722,0.118774,
1635435640.627226,0.000000,0.413789,1.977330,0.267185,-0.018446,0.007562,-0.992563,0.120089,
1635435640.632817,0.000000,0.412947,1.977049,0.267177,-0.018539,0.007420,-0.992399,0.121435,
1635435640.638404,0.000000,0.412090,1.976759,0.267173,-0.018500,0.007297,-0.992244,0.122704,
1635435640.643895,0.000000,0.411183,1.976584,0.267042,-0.018180,0.006893,-0.992136,0.123642,
1635435640.649495,0.000000,0.410224,1.976344,0.266921,-0.017441,0.007178,-0.992037,0.124526,
1635435640.655057,0.000000,0.409318,1.976041,0.266931,-0.017511,0.007213,-0.991849,0.126008,
1635435640.660634,0.000000,0.408395,1.975563,0.267039,-0.018059,0.007253,-0.991585,0.127987,
1635435640.705030,0.000000,0.401592,1.972988,0.267185,-0.018567,0.006853,-0.990092,0.139018,
1635435640.710603,0.000000,0.400777,1.972725,0.267139,-0.018630,0.006775,-0.989897,0.140397,
1635435640.716162,0.000000,0.399867,1.972439,0.267014,-0.018195,0.006696,-0.989748,0.141504,
1635435640.721697,0.000000,0.399030,1.971951,0.267098,-0.018266,0.006993,-0.989529,0.143006,
1635435640.727250,0.000000,0.398189,1.971690,0.267044,-0.018366,0.006888,-0.989315,0.144466,
1635435640.732812,0.000000,0.397246,1.971377,0.266958,-0.017826,0.006971,-0.989173,0.145501,
1635435640.738371,0.000000,0.396341,1.971035,0.266952,-0.017970,0.006742,-0.988958,0.146949,
1635435640.743920,0.000000,0.395401,1.970820,0.266832,-0.017743,0.006605,-0.988789,0.148117,
1635435640.749507,0.000000,0.394451,1.970569,0.266738,-0.017692,0.006218,-0.988600,0.149392,
1635435640.755046,0.000000,0.393560,1.970177,0.266762,-0.017567,0.006444,-0.988396,0.150745,
1635435640.810587,0.000000,0.385649,1.966538,0.266845,-0.017918,0.005971,-0.986323,0.163737,
1635435640.816144,0.000000,0.384653,1.966273,0.266673,-0.017725,0.005662,-0.986080,0.165225,
1635435640.821709,0.000000,0.383645,1.965851,0.266585,-0.017591,0.005640,-0.985803,0.166884,
1635435640.827288,0.000000,0.382725,1.965287,0.266665,-0.017273,0.005747,-0.985661,0.167755,
1635435640.832818,0.000000,0.381941,1.964864,0.266786,-0.017365,0.006340,-0.985452,0.168944,
1635435640.838372,0.000000,0.381262,1.964547,0.266894,-0.017770,0.006247,-0.985218,0.170268,
1635435640.843931,0.000000,0.380518,1.964165,0.266954,-0.018079,0.006091,-0.984957,0.171745,
1635435640.849489,0.000000,0.379701,1.963641,0.266974,-0.018218,0.006049,-0.984649,0.173485,
1635435640.855044,0.000000,0.378921,1.963099,0.267019,-0.018193,0.006125,-0.984384,0.174986,
1635435640.860598,0.000000,0.378203,1.962851,0.266885,-0.017989,0.005773,-0.984213,0.175978,
1635435640.910595,0.000000,0.370253,1.959022,0.266576,-0.016746,0.005725,-0.982071,0.187679,
1635435640.916151,0.000000,0.369623,1.958398,0.266902,-0.017795,0.006003,-0.981666,0.189680,
1635435640.921711,0.000000,0.368935,1.958022,0.266948,-0.018004,0.005870,-0.981421,0.190931,
1635435640.927221,0.000000,0.368130,1.957664,0.266811,-0.017948,0.005762,-0.981141,0.192372,
1635435640.932822,0.000000,0.367328,1.957266,0.266769,-0.018036,0.005467,-0.980834,0.193930,
1635435640.938358,0.000000,0.366554,1.956899,0.266694,-0.017795,0.005293,-0.980666,0.194805,
1635435640.943919,0.000000,0.365633,1.956227,0.266677,-0.017385,0.005572,-0.980397,0.196186,
1635435640.949486,0.000000,0.364806,1.955616,0.266774,-0.017141,0.006024,-0.980176,0.197294,
1635435640.955028,0.000000,0.363952,1.955478,0.266581,-0.017094,0.005437,-0.979940,0.198485,
1635435640.960617,0.000000,0.363079,1.955070,0.266513,-0.017254,0.005192,-0.979610,0.200099,
1635435641.010670,0.000000,0.356055,1.950818,0.266686,-0.017854,0.005215,-0.977011,0.212377,
1635435641.016120,0.000000,0.355319,1.950348,0.266656,-0.017983,0.005283,-0.976672,0.213919,
1635435641.021665,0.000000,0.354557,1.949954,0.266622,-0.017850,0.005278,-0.976456,0.214910,
1635435641.027276,0.000000,0.353743,1.949543,0.266537,-0.017503,0.005221,-0.976240,0.215919,
1635435641.032831,0.000000,0.352863,1.948872,0.266582,-0.017316,0.005632,-0.975897,0.217472,
1635435641.038380,0.000000,0.351982,1.948357,0.266546,-0.017222,0.005623,-0.975568,0.218952,
1635435641.043930,0.000000,0.351086,1.948016,0.266416,-0.017085,0.005295,-0.975269,0.220296,
1635435641.049469,0.000000,0.350204,1.947693,0.266282,-0.016982,0.004975,-0.974980,0.221586,
1635435641.055048,0.000000,0.349383,1.947273,0.266230,-0.016924,0.004956,-0.974704,0.222805,
1635435641.060610,0.000000,0.348578,1.946670,0.266338,-0.016994,0.004957,-0.974413,0.224069,
1635435641.110594,0.000000,0.342072,1.942569,0.266398,-0.017495,0.004457,-0.971643,0.235761,
1635435641.116138,0.000000,0.341232,1.942040,0.266360,-0.017276,0.004603,-0.971313,0.237131,
1635435641.121704,0.000000,0.340344,1.941474,0.266350,-0.017146,0.004649,-0.970954,0.238606,
1635435641.127297,0.000000,0.339489,1.940775,0.266418,-0.017122,0.004923,-0.970541,0.240277,
1635435641.132830,0.000000,0.338665,1.940384,0.266359,-0.017154,0.004754,-0.970232,0.241521,
1635435641.138418,0.000000,0.337875,1.939858,0.266422,-0.017253,0.004717,-0.969898,0.242852,
1635435641.143914,0.000000,0.337229,1.939478,0.266472,-0.017647,0.004604,-0.969577,0.244105,
1635435641.149481,0.000000,0.336597,1.939079,0.266528,-0.017862,0.004402,-0.969260,0.245351,
1635435641.155036,0.000000,0.335930,1.938411,0.266653,-0.017902,0.004800,-0.968931,0.246636,
1635435641.160597,0.000000,0.335201,1.937590,0.266751,-0.018080,0.004877,-0.968432,0.248572,
1635435641.210584,0.000000,0.327882,1.933109,0.266270,-0.016838,0.004224,-0.965489,0.259865,
1635435641.216104,0.000000,0.327197,1.932410,0.266464,-0.017111,0.004443,-0.965074,0.261381,
1635435641.221658,0.000000,0.326541,1.931976,0.266434,-0.017367,0.004019,-0.964677,0.262832,
1635435641.227250,0.000000,0.325925,1.931538,0.266436,-0.017521,0.003868,-0.964328,0.264100,
1635435641.232820,0.000000,0.325272,1.931031,0.266460,-0.017676,0.003745,-0.963971,0.265395,
1635435641.238356,0.000000,0.324566,1.930408,0.266465,-0.017665,0.003702,-0.963628,0.266639,
1635435641.243904,0.000000,0.323807,1.929815,0.266445,-0.017433,0.003833,-0.963322,0.267754,
1635435641.249474,0.000000,0.323109,1.929322,0.266363,-0.017372,0.003782,-0.962987,0.268962,
1635435641.255047,0.000000,0.322378,1.928778,0.266342,-0.017168,0.003906,-0.962686,0.270048,
1635435641.260578,0.000000,0.321546,1.928415,0.266199,-0.016852,0.003550,-0.962442,0.270940,
1635435641.305035,0.000000,0.315561,1.923611,0.266387,-0.016925,0.003628,-0.959230,0.282095,
1635435641.310578,0.000000,0.314929,1.923112,0.266366,-0.016950,0.003646,-0.958925,0.283131,
1635435641.316143,0.000000,0.314383,1.922681,0.266353,-0.017268,0.003392,-0.958584,0.284265,
1635435641.321688,0.000000,0.313687,1.922188,0.266290,-0.017189,0.003216,-0.958224,0.285483,
1635435641.327250,0.000000,0.312944,1.921540,0.266273,-0.017122,0.003173,-0.957785,0.286958,
1635435641.332799,0.000000,0.312151,1.920981,0.266176,-0.016795,0.003414,-0.957425,0.288174,
1635435641.338368,0.000000,0.311319,1.920469,0.266068,-0.016518,0.003305,-0.957097,0.289277,
1635435641.343918,0.000000,0.310376,1.919763,0.265906,-0.015897,0.003296,-0.956698,0.290629,
1635435641.349470,0.000000,0.309605,1.919194,0.265864,-0.015803,0.003116,-0.956386,0.291661,
1635435641.355025,0.000000,0.308816,1.918540,0.265802,-0.015845,0.003129,-0.955895,0.293263,
1635435641.410608,0.000000,0.302435,1.912515,0.266043,-0.016402,0.003351,-0.951907,0.305931,
1635435641.416180,0.000000,0.301697,1.911844,0.266016,-0.016508,0.003165,-0.951443,0.307367,
1635435641.421689,0.000000,0.300929,1.911203,0.265970,-0.016302,0.003326,-0.951040,0.308620,
1635435641.427245,0.000000,0.300146,1.910703,0.265872,-0.016166,0.003197,-0.950669,0.309771,
1635435641.432807,0.000000,0.299262,1.910060,0.265676,-0.015197,0.003583,-0.950370,0.310729,
1635435641.438370,0.000000,0.298586,1.909235,0.265793,-0.015399,0.003795,-0.949841,0.312331,
1635435641.443921,0.000000,0.298063,1.908804,0.265808,-0.015920,0.003401,-0.949400,0.313647,
1635435641.449482,0.000000,0.297629,1.908270,0.265949,-0.016620,0.003138,-0.948923,0.315055,
1635435641.455032,0.000000,0.297081,1.907549,0.266043,-0.016458,0.003466,-0.948542,0.316206,
1635435641.460612,0.000000,0.296481,1.906884,0.266101,-0.016304,0.003631,-0.948163,0.317345,
1635435641.510588,0.000000,0.289880,1.901357,0.265544,-0.015268,0.002725,-0.944276,0.328790,
1635435641.516141,0.000000,0.289331,1.900696,0.265610,-0.015476,0.002822,-0.943821,0.330084,
1635435641.521701,0.000000,0.288920,1.899784,0.265955,-0.016463,0.003169,-0.943098,0.332092,
1635435641.527324,0.000000,0.288375,1.899254,0.265989,-0.016845,0.002768,-0.942622,0.333425,
1635435641.532809,0.000000,0.287800,1.898651,0.265988,-0.016740,0.002806,-0.942222,0.334559,
1635435641.538356,0.000000,0.287265,1.898118,0.265991,-0.016801,0.002687,-0.941821,0.335684,
1635435641.543910,0.000000,0.286638,1.897561,0.265920,-0.016422,0.002651,-0.941521,0.336544,
1635435641.549465,0.000000,0.285984,1.896870,0.265915,-0.016291,0.002642,-0.941099,0.337727,
1635435641.555012,0.000000,0.285321,1.896197,0.265956,-0.016282,0.002839,-0.940619,0.339061,
1635435641.560570,0.000000,0.284611,1.895444,0.265968,-0.016139,0.002936,-0.940112,0.340472,
1635435641.610573,0.000000,0.278886,1.889609,0.266031,-0.016688,0.002543,-0.935708,0.352372,
1635435641.616149,0.000000,0.278290,1.889104,0.265936,-0.016568,0.002269,-0.935297,0.353467,
1635435641.621692,0.000000,0.277660,1.888527,0.265863,-0.016293,0.002127,-0.934959,0.354376,
1635435641.627239,0.000000,0.277047,1.887951,0.265826,-0.015971,0.002250,-0.934625,0.355270,
1635435641.632801,0.000000,0.276475,1.887115,0.265922,-0.016125,0.002565,-0.934050,0.356770,
1635435641.638348,0.000000,0.275754,1.886485,0.265836,-0.016018,0.002393,-0.933556,0.358066,
1635435641.643908,0.000000,0.274954,1.885918,0.265633,-0.015778,0.002015,-0.933073,0.359336,
1635435641.649471,0.000000,0.274142,1.885284,0.265448,-0.015399,0.001655,-0.932654,0.360439,
1635435641.655016,0.000000,0.273452,1.884468,0.265444,-0.015086,0.001962,-0.932184,0.361665,
1635435641.660612,0.000000,0.272843,1.883444,0.265656,-0.015175,0.002372,-0.931621,0.363108,
1635435641.710548,0.000000,0.267917,1.877766,0.265777,-0.016172,0.001414,-0.927210,0.374190,
1635435641.716109,0.000000,0.267228,1.876946,0.265721,-0.016080,0.001341,-0.926573,0.375770,
1635435641.721665,0.000000,0.266476,1.876242,0.265561,-0.015659,0.001342,-0.926137,0.376860,
1635435641.727222,0.000000,0.265686,1.875427,0.265488,-0.015220,0.001400,-0.925691,0.377972,
1635435641.732760,0.000000,0.265033,1.874676,0.265473,-0.015194,0.001463,-0.925162,0.379266,
1635435641.738322,0.000000,0.264361,1.873900,0.265460,-0.015066,0.001454,-0.924666,0.380480,
1635435641.743883,0.000000,0.263838,1.873030,0.265614,-0.015483,0.001495,-0.923956,0.382182,
1635435641.749439,0.000000,0.263328,1.872353,0.265660,-0.015494,0.001702,-0.923457,0.383385,
1635435641.754991,0.000000,0.262909,1.871712,0.265742,-0.015939,0.001533,-0.922889,0.384734,
1635435641.760554,0.000000,0.262468,1.871131,0.265734,-0.016225,0.001278,-0.922296,0.386141,
1635435641.810577,0.000000,0.257034,1.864389,0.265473,-0.015167,0.001457,-0.917662,0.397070,
1635435641.816151,0.000000,0.256518,1.863740,0.265505,-0.015486,0.001185,-0.917063,0.398439,
1635435641.821693,0.000000,0.256085,1.862552,0.265768,-0.015692,0.001905,-0.916313,0.400152,
1635435641.827242,0.000000,0.255718,1.861967,0.265845,-0.016100,0.001757,-0.915803,0.401301,
1635435641.832835,0.000000,0.255278,1.861213,0.265900,-0.016146,0.001883,-0.915268,0.402518,
1635435641.838355,0.000000,0.254824,1.860505,0.265861,-0.016082,0.001891,-0.914751,0.403694,
1635435641.843904,0.000000,0.254407,1.859957,0.265866,-0.016734,0.001140,-0.914116,0.405106,
1635435641.849471,0.000000,0.253895,1.859124,0.265875,-0.016832,0.001160,-0.913535,0.406410,
1635435641.855031,0.000000,0.253307,1.858313,0.265854,-0.016602,0.001284,-0.913060,0.407486,
1635435641.860588,0.000000,0.252711,1.857666,0.265792,-0.016582,0.001180,-0.912521,0.408691,
1635435641.910572,0.000000,0.247962,1.850501,0.265960,-0.017105,0.000858,-0.907122,0.420519,
1635435641.916133,0.000000,0.247510,1.849909,0.265908,-0.017102,0.000715,-0.906679,0.421474,
1635435641.921754,0.000000,0.247036,1.849141,0.265901,-0.016887,0.001165,-0.906158,0.422601,
1635435641.927227,0.000000,0.246474,1.848259,0.265891,-0.016574,0.001487,-0.905604,0.423798,
1635435641.932784,0.000000,0.245910,1.847105,0.265930,-0.016353,0.002089,-0.904871,0.425367,
1635435641.938351,0.000000,0.245246,1.846547,0.265724,-0.016234,0.001553,-0.904324,0.426536,
1635435641.943907,0.000000,0.244622,1.845950,0.265565,-0.016049,0.001251,-0.903843,0.427562,
1635435641.949478,0.000000,0.244037,1.845216,0.265457,-0.015749,0.001247,-0.903334,0.428646,
1635435641.955026,0.000000,0.243448,1.844281,0.265418,-0.015528,0.001427,-0.902721,0.429944,
1635435641.960595,0.000000,0.242915,1.843328,0.265503,-0.015432,0.001719,-0.902141,0.431161,
1635435642.010584,0.000000,0.239074,1.837102,0.265807,-0.016962,0.000497,-0.896832,0.442045,
1635435642.016141,0.000000,0.238493,1.836083,0.265791,-0.016722,0.000820,-0.896122,0.443493,
1635435642.021695,0.000000,0.237861,1.835321,0.265645,-0.016312,0.000857,-0.895577,0.444607,
1635435642.027250,0.000000,0.237229,1.834682,0.265473,-0.015965,0.000628,-0.895077,0.445626,
1635435642.032785,0.000000,0.236711,1.833863,0.265473,-0.015896,0.000751,-0.894510,0.446765,
1635435642.038350,0.000000,0.236189,1.832879,0.265516,-0.015774,0.000941,-0.893841,0.448105,
1635435642.043917,0.000000,0.235753,1.832090,0.265592,-0.015857,0.000916,-0.893289,0.449202,
1635435642.049538,0.000000,0.235296,1.831366,0.265637,-0.015945,0.000660,-0.892644,0.450480,
1635435642.055020,0.000000,0.234912,1.830814,0.265627,-0.016146,0.000343,-0.892060,0.451629,
1635435642.060584,0.000000,0.234531,1.830224,0.265624,-0.016385,0.000017,-0.891443,0.452837,
1635435642.110564,0.000000,0.229722,1.823409,0.264901,-0.014570,-0.000873,-0.886272,0.462934,
1635435642.116136,0.000000,0.229383,1.822470,0.265097,-0.015210,-0.000875,-0.885382,0.464615,
1635435642.121684,0.000000,0.229037,1.821593,0.265202,-0.015493,-0.000734,-0.884672,0.465956,
1635435642.127246,0.000000,0.228606,1.820788,0.265231,-0.015488,-0.000778,-0.884087,0.467065,
1635435642.132803,0.000000,0.228288,1.820137,0.265251,-0.015642,-0.000702,-0.883553,0.468069,
1635435642.138355,0.000000,0.227948,1.819307,0.265301,-0.015718,-0.000700,-0.882911,0.469277,
1635435642.143907,0.000000,0.227697,1.818226,0.265528,-0.016331,-0.000487,-0.881966,0.471030,
1635435642.149463,0.000000,0.227250,1.817403,0.265462,-0.016047,-0.000418,-0.881428,0.472046,
1635435642.155011,0.000000,0.226718,1.816762,0.265279,-0.015656,-0.000637,-0.880955,0.472941,
1635435642.160574,0.000000,0.226267,1.816008,0.265239,-0.015563,-0.000638,-0.880420,0.473938,
1635435642.210561,0.000000,0.222513,1.808431,0.265356,-0.015895,-0.000523,-0.874370,0.484999,
1635435642.216130,0.000000,0.222084,1.807841,0.265260,-0.015810,-0.000955,-0.873834,0.485967,
1635435642.221674,0.000000,0.221718,1.807185,0.265225,-0.015951,-0.001419,-0.873242,0.487024,
1635435642.227238,0.000000,0.221351,1.806139,0.265287,-0.015822,-0.001141,-0.872577,0.488218,
1635435642.232783,0.000000,0.220924,1.805190,0.265202,-0.015492,-0.001016,-0.871893,0.489450,
1635435642.238351,0.000000,0.220446,1.804516,0.265029,-0.015104,-0.001207,-0.871375,0.490383,
1635435642.243900,0.000000,0.219860,1.803792,0.264851,-0.014692,-0.001476,-0.870804,0.491409,
1635435642.249465,0.000000,0.219043,1.803143,0.264593,-0.014020,-0.002542,-0.870384,0.492167,
1635435642.255018,0.000000,0.218705,1.801757,0.264762,-0.014033,-0.001704,-0.869393,0.493918,
1635435642.260583,0.000000,0.218386,1.800780,0.264692,-0.013983,-0.000740,-0.868671,0.495192,
1635435642.310612,0.000000,0.215792,1.793248,0.265114,-0.015294,-0.000547,-0.862423,0.505957,
1635435642.316088,0.000000,0.215295,1.792552,0.264980,-0.015016,-0.000926,-0.861899,0.506856,
1635435642.321626,0.000000,0.214811,1.791787,0.264839,-0.014655,-0.001002,-0.861377,0.507754,
1635435642.327163,0.000000,0.214246,1.790982,0.264619,-0.014217,-0.001310,-0.860766,0.508800,
1635435642.332763,0.000000,0.213736,1.789672,0.264598,-0.013805,-0.000994,-0.859958,0.510177,
1635435642.338328,0.000000,0.213305,1.788703,0.264533,-0.013601,-0.000899,-0.859172,0.511505,
1635435642.343882,0.000000,0.212887,1.788170,0.264443,-0.013713,-0.001504,-0.858615,0.512435,
1635435642.349444,0.000000,0.212571,1.787483,0.264427,-0.013851,-0.001809,-0.857944,0.513553,
1635435642.354983,0.000000,0.212392,1.786480,0.264637,-0.014211,-0.001457,-0.857072,0.514999,
1635435642.360537,0.000000,0.212279,1.785310,0.264882,-0.014630,-0.000957,-0.856068,0.516655,
1635435642.410576,0.000000,0.209078,1.777204,0.264571,-0.013844,-0.000921,-0.849729,0.527037,
1635435642.416119,0.000000,0.208670,1.776510,0.264451,-0.013761,-0.001238,-0.849090,0.528068,
1635435642.421690,0.000000,0.208509,1.775744,0.264573,-0.014162,-0.001083,-0.848387,0.529186,
1635435642.427235,0.000000,0.208365,1.774801,0.264754,-0.014507,-0.000849,-0.847500,0.530596,
1635435642.432827,0.000000,0.208132,1.773862,0.264836,-0.014536,-0.000733,-0.846671,0.531918,
1635435642.457950,0.000000,0.207936,1.773032,0.264888,-0.014874,-0.000945,-0.845819,0.533261,
1635435642.443883,0.000000,0.207596,1.772267,0.264869,-0.014759,-0.001260,-0.845224,0.534206,
1635435642.449409,0.000000,0.207246,1.771497,0.264811,-0.014522,-0.001327,-0.844708,0.535028,
1635435642.454960,0.000000,0.206823,1.770891,0.264635,-0.014271,-0.001657,-0.844219,0.535805,
1635435642.460538,0.000000,0.206493,1.769909,0.264618,-0.014003,-0.001297,-0.843451,0.537023,
1635435642.510525,0.000000,0.203646,1.762218,0.264448,-0.014060,-0.002088,-0.836675,0.547516,
1635435642.516123,0.000000,0.203557,1.761355,0.264614,-0.014324,-0.001740,-0.835914,0.548671,
1635435642.521672,0.000000,0.203273,1.760596,0.264634,-0.014532,-0.001827,-0.835196,0.549757,
1635435642.527240,0.000000,0.202942,1.759882,0.264520,-0.014216,-0.002046,-0.834731,0.550470,
1635435642.532790,0.000000,0.202764,1.758915,0.264526,-0.014087,-0.001897,-0.833956,0.551648,
1635435642.538417,0.000000,0.202512,1.757877,0.264553,-0.013920,-0.001664,-0.833078,0.552978,
1635435642.543897,0.000000,0.202191,1.757006,0.264556,-0.013884,-0.001816,-0.832290,0.554163,
1635435642.549412,0.000000,0.201401,1.756338,0.264080,-0.012733,-0.002558,-0.831970,0.554669,
1635435642.554966,0.000000,0.201103,1.755277,0.264079,-0.012542,-0.002200,-0.831187,0.555847,
1635435642.560563,0.000000,0.200907,1.753933,0.264147,-0.012390,-0.001494,-0.830190,0.557341,
1635435642.605041,0.000000,0.199108,1.747773,0.264201,-0.013358,-0.002930,-0.824318,0.565962,
1635435642.610532,0.000000,0.198916,1.746795,0.264287,-0.013379,-0.002774,-0.823567,0.567054,
1635435642.616086,0.000000,0.198785,1.745801,0.264358,-0.013519,-0.002413,-0.822697,0.568314,
1635435642.621640,0.000000,0.198496,1.744976,0.264288,-0.013397,-0.002406,-0.822066,0.569230,
1635435642.627198,0.000000,0.198148,1.744038,0.264184,-0.013049,-0.002332,-0.821314,0.570322,
1635435642.632749,0.000000,0.197680,1.743070,0.263962,-0.012509,-0.002382,-0.820597,0.571365,
1635435642.638302,0.000000,0.197454,1.741877,0.264028,-0.012513,-0.002172,-0.819580,0.572825,
1635435642.643866,0.000000,0.197289,1.741044,0.264098,-0.012813,-0.002183,-0.818799,0.573933,
1635435642.649417,0.000000,0.197120,1.740252,0.264144,-0.013133,-0.002499,-0.818067,0.574968,
1635435642.654975,0.000000,0.196937,1.739690,0.264192,-0.013483,-0.002968,-0.817435,0.575855,
1635435642.704976,0.000000,0.194448,1.732169,0.263410,-0.011691,-0.003724,-0.811219,0.584613,
1635435642.710560,0.000000,0.194131,1.731273,0.263298,-0.011477,-0.003807,-0.810485,0.585634,
1635435642.716116,0.000000,0.194338,1.729628,0.263731,-0.012276,-0.003158,-0.808950,0.587741,
1635435642.721670,0.000000,0.194149,1.728914,0.263697,-0.012357,-0.003356,-0.808278,0.588661,
1635435642.727238,0.000000,0.193789,1.728445,0.263689,-0.012642,-0.003964,-0.807757,0.589367,
1635435642.732779,0.000000,0.193770,1.727744,0.263797,-0.013206,-0.004192,-0.806869,0.590568,
1635435642.738343,0.000000,0.193793,1.726610,0.263920,-0.013236,-0.003653,-0.805932,0.591848,
1635435642.743900,0.000000,0.193971,1.725288,0.264147,-0.013569,-0.003178,-0.804718,0.593494,
1635435642.749445,0.000000,0.193799,1.724531,0.264017,-0.013238,-0.003207,-0.804074,0.594373,
1635435642.755008,0.000000,0.193550,1.723809,0.263894,-0.013002,-0.003445,-0.803578,0.595047,
1635435642.810647,0.000000,0.191634,1.714466,0.263760,-0.012482,-0.003509,-0.795480,0.605841,
1635435642.816126,0.000000,0.191647,1.713506,0.263881,-0.012663,-0.003255,-0.794535,0.607078,
1635435642.821640,0.000000,0.191506,1.712703,0.263789,-0.012511,-0.003266,-0.793722,0.608143,
1635435642.827256,0.000000,0.191563,1.711945,0.263894,-0.013118,-0.003381,-0.792848,0.609269,
1635435642.832775,0.000000,0.191359,1.711212,0.263798,-0.013021,-0.003550,-0.792251,0.610046,
1635435642.838299,0.000000,0.191219,1.710144,0.263729,-0.012678,-0.003105,-0.791423,0.611130,
1635435642.843912,0.000000,0.191035,1.709103,0.263711,-0.012462,-0.002964,-0.790592,0.612209,
1635435642.849408,0.000000,0.190766,1.708115,0.263561,-0.012038,-0.003175,-0.789827,0.613204,
1635435642.854980,0.000000,0.190406,1.707245,0.263350,-0.011438,-0.003486,-0.789313,0.613874,
1635435642.860568,0.000000,0.190429,1.705772,0.263486,-0.011471,-0.002584,-0.788143,0.615379,
1635435642.910606,0.000000,0.189529,1.698378,0.263656,-0.012575,-0.003844,-0.780576,0.624923,
1635435642.916153,0.000000,0.189530,1.697083,0.263733,-0.012521,-0.003335,-0.779455,0.626324,
1635435642.921713,0.000000,0.189231,1.696234,0.263608,-0.012184,-0.003496,-0.778756,0.627199,
1635435642.927307,0.000000,0.188901,1.695507,0.263347,-0.011770,-0.003838,-0.778111,0.628005,
1635435642.932847,0.000000,0.188652,1.694606,0.263120,-0.011367,-0.003962,-0.777259,0.629066,
1635435642.938419,0.000000,0.188410,1.693440,0.262959,-0.010874,-0.003737,-0.776286,0.630276,
1635435642.943965,0.000000,0.188369,1.692325,0.263079,-0.011231,-0.003798,-0.775141,0.631677,
1635435642.949533,0.000000,0.188293,1.691570,0.263213,-0.011637,-0.003988,-0.774377,0.632605,
1635435642.955084,0.000000,0.188157,1.690743,0.263334,-0.011709,-0.004124,-0.773623,0.633524,
1635435642.960706,0.000000,0.188174,1.689890,0.263408,-0.011991,-0.004373,-0.772587,0.634781,
1635435643.010638,0.000000,0.187516,1.681480,0.263343,-0.011982,-0.005223,-0.764416,0.644591,
1635435643.016189,0.000000,0.187143,1.680597,0.263091,-0.011201,-0.005130,-0.763936,0.645174,
1635435643.021753,0.000000,0.187080,1.679793,0.263127,-0.011405,-0.005195,-0.762996,0.646282,
1635435643.027291,0.000000,0.187225,1.678899,0.263396,-0.012154,-0.005406,-0.761940,0.647511,
1635435643.032819,0.000000,0.187370,1.677994,0.263546,-0.012586,-0.005150,-0.760917,0.648707,
1635435643.038373,0.000000,0.187538,1.676949,0.263699,-0.012829,-0.004763,-0.759802,0.650011,
1635435643.043927,0.000000,0.187423,1.676262,0.263598,-0.012690,-0.005199,-0.759118,0.650809,
1635435643.049489,0.000000,0.187233,1.675505,0.263411,-0.012290,-0.005391,-0.758486,0.651551,
1635435643.055044,0.000000,0.187235,1.674446,0.263440,-0.012110,-0.004992,-0.757611,0.652575,
1635435643.060600,0.000000,0.187357,1.673307,0.263566,-0.012324,-0.004669,-0.756521,0.653837,
1635435643.110599,0.000000,0.186902,1.664655,0.263476,-0.012056,-0.005088,-0.748092,0.663466,
1635435643.116196,0.000000,0.187190,1.663655,0.263756,-0.012915,-0.005285,-0.746735,0.664976,
1635435643.121715,0.000000,0.187130,1.662906,0.263660,-0.012655,-0.005456,-0.746069,0.665726,
1635435643.127264,0.000000,0.187013,1.662187,0.263476,-0.012286,-0.005608,-0.745430,0.666447,
1635435643.132851,0.000000,0.187118,1.661178,0.263492,-0.012306,-0.005332,-0.744420,0.667577,
1635435643.138383,0.000000,0.187239,1.660042,0.263515,-0.012221,-0.004752,-0.743327,0.668799,
1635435643.143955,0.000000,0.187157,1.659159,0.263448,-0.012117,-0.004888,-0.742604,0.669603,
1635435643.149487,0.000000,0.186923,1.658262,0.263260,-0.011790,-0.005180,-0.741820,0.670476,
1635435643.155054,0.000000,0.186728,1.657347,0.263054,-0.011362,-0.005257,-0.741111,0.671266,
1635435643.160615,0.000000,0.186721,1.656024,0.263112,-0.011105,-0.004783,-0.740029,0.672466,
1635435643.210615,0.000000,0.187206,1.648563,0.263280,-0.012028,-0.005543,-0.732079,0.681091,
1635435643.216157,0.000000,0.187419,1.647338,0.263387,-0.012098,-0.005135,-0.730823,0.682440,
1635435643.221795,0.000000,0.187609,1.646415,0.263556,-0.012574,-0.005086,-0.729794,0.683533,
1635435643.227277,0.000000,0.187427,1.645490,0.263196,-0.011626,-0.004857,-0.729230,0.684153,
1635435643.232829,0.000000,0.187360,1.644579,0.263071,-0.011401,-0.004868,-0.728480,0.684955,
1635435643.238381,0.000000,0.187220,1.643276,0.262878,-0.010737,-0.004844,-0.727328,0.686189,
1635435643.243942,0.000000,0.187192,1.642357,0.262842,-0.010741,-0.004842,-0.726443,0.687126,
1635435643.249486,0.000000,0.187073,1.641529,0.262764,-0.010549,-0.005190,-0.725772,0.687835,
1635435643.254997,0.000000,0.187326,1.640865,0.263035,-0.011533,-0.005838,-0.724705,0.688938,
1635435643.260612,0.000000,0.187629,1.639871,0.263168,-0.011828,-0.005544,-0.723461,0.690241,
1635435643.310596,0.000000,0.187775,1.631729,0.262689,-0.010866,-0.006207,-0.715427,0.698576,
1635435643.316158,0.000000,0.187921,1.630499,0.262632,-0.010615,-0.005560,-0.714288,0.699749,
1635435643.321708,0.000000,0.187914,1.629635,0.262500,-0.010264,-0.005562,-0.713535,0.700523,
1635435643.327224,0.000000,0.188063,1.628744,0.262536,-0.010315,-0.005432,-0.712570,0.701504,
1635435643.332819,0.000000,0.188235,1.627907,0.262624,-0.010492,-0.005400,-0.711589,0.702497,
1635435643.338379,0.000000,0.188603,1.626723,0.262796,-0.010825,-0.005008,-0.710140,0.703960,
1635435643.343927,0.000000,0.188732,1.625949,0.262852,-0.011042,-0.005319,-0.709202,0.704899,
1635435643.349580,0.000000,0.188796,1.625168,0.262834,-0.011016,-0.005406,-0.708459,0.705646,
1635435643.355043,0.000000,0.188623,1.624602,0.262718,-0.011019,-0.006317,-0.707683,0.706416,
1635435643.360555,0.000000,0.188578,1.623830,0.262613,-0.010771,-0.006422,-0.707001,0.707102,
1635435643.410614,0.000000,0.189199,1.615654,0.262525,-0.010819,-0.007618,-0.698084,0.715894,
1635435643.416149,0.000000,0.189574,1.614495,0.262677,-0.010958,-0.006971,-0.696782,0.717165,
1635435643.421705,0.000000,0.189723,1.613719,0.262688,-0.010965,-0.006894,-0.695920,0.718003,
1635435643.427276,0.000000,0.189720,1.613053,0.262598,-0.010887,-0.007112,-0.695232,0.718668,
1635435643.432826,0.000000,0.189798,1.612157,0.262476,-0.010578,-0.007009,-0.694383,0.719494,
1635435643.438390,0.000000,0.189944,1.611318,0.262479,-0.010518,-0.006849,-0.693508,0.720340,
1635435643.443931,0.000000,0.190139,1.610145,0.262484,-0.010359,-0.006547,-0.692331,0.721476,
1635435643.449488,0.000000,0.190217,1.609075,0.262480,-0.010111,-0.006522,-0.691365,0.722405,
1635435643.455052,0.000000,0.190217,1.608246,0.262323,-0.009808,-0.006664,-0.690542,0.723195,
1635435643.460588,0.000000,0.190350,1.607190,0.262300,-0.009715,-0.006392,-0.689493,0.724199,
